year,model,transmission,mileage,fuelType,tax,mpg,engineSize,price
2012,Focus,Automatic,85600,Diesel,377,79.53337123730232,2.1200976945663386,13446
2015,Mondeo,Semi-Auto,51601,Petrol,428,38.88376611958883,3.3140850963731885,47844
2021,Ka+,Semi-Auto,96245,Electric,194,22.316588938577027,4.821992344700313,42769
2000,Mondeo,Semi-Auto,29339,Electric,96,70.59611130454643,4.833654058323314,31032
2003,Mondeo,Semi-Auto,28970,Diesel,92,73.02110397542535,1.3675544401923543,41138
2003,Mondeo,Automatic,19055,Hybrid,100,77.76457693430628,1.8687037416595502,35044
2007,Fiesta,Manual,77584,Electric,248,82.95755190566996,3.3555482785346307,15052
2009,Ka+,Semi-Auto,9504,Other,74,45.95740185176471,4.639431537647831,46489
2019,Kuga,Manual,91453,Other,355,43.58825398039843,4.924121817589398,34232
2021,Ka+,Semi-Auto,48141,Diesel,285,38.421382694258035,3.8811974806689555,24696
2018,Fiesta,Semi-Auto,39318,Petrol,189,48.977511608858,2.5877162736376222,5889
2004,Ka+,Semi-Auto,22715,Diesel,491,88.46991343005209,4.478468858755536,48780
2006,Fiesta,Manual,76226,Diesel,41,10.172303213435308,2.6192620762141265,30776
2012,Ka+,Manual,69998,Petrol,471,59.50595610647163,3.634072615055424,28423
2001,Ka+,Manual,51568,Petrol,421,30.132287959095752,2.9074761186975713,23663
2006,Mondeo,Automatic,40932,Petrol,191,61.62868550926827,4.095828113794244,46905
2007,Focus,Manual,57021,Hybrid,157,17.75985709404221,3.9159002618023573,41892
2014,Ka+,Automatic,49507,Electric,353,17.623790792208855,2.501847563898381,16820
2017,Kuga,Automatic,21719,Diesel,253,27.098786766705967,1.3133348952320831,37619
2005,Focus,Manual,55211,Other,35,98.65497870010266,4.802245028902829,29230
2013,Kuga,Semi-Auto,99990,Petrol,234,68.12463582672395,4.666299834560642,31692
2008,Ka+,Semi-Auto,18128,Petrol,208,48.788489008407176,1.6456979199243067,19938
2009,Fiesta,Automatic,17809,Petrol,84,37.14099174019266,1.7335354975626909,29857
2020,Ka+,Semi-Auto,4135,Electric,33,62.27518338088379,4.129631526238224,13407
2019,Mondeo,Semi-Auto,38945,Other,131,50.787843353984194,4.1257346450474985,9400
2016,Fiesta,Automatic,8780,Diesel,351,51.604156755759085,4.8585110408598,5831
2019,Kuga,Manual,40463,Electric,237,44.63476921535066,4.99016046153885,20164
2005,Ka+,Automatic,38569,Hybrid,100,31.71126351455743,2.943277933194827,29203
2015,Ka+,Manual,43419,Other,456,17.600604675045595,4.837502709402454,36962
2015,Fiesta,Manual,88749,Other,344,71.75706869820618,4.245506197752557,6065
2000,Ka+,Automatic,75682,Hybrid,190,25.95248752145045,4.001123024099736,15381
2018,Focus,Semi-Auto,99139,Diesel,25,48.2945677876402,2.4004059794250696,5627
2003,Kuga,Manual,51088,Other,345,62.85228126611368,4.386581023966966,8202
2017,Ka+,Automatic,64561,Petrol,293,23.217052471848493,4.668355676189856,18101
2019,Ka+,Automatic,85661,Diesel,202,63.76237203654479,3.9094115141274783,44368
2019,Fiesta,Automatic,36335,Electric,224,42.59570505867817,3.550597156077401,16805
2019,Mondeo,Manual,9547,Hybrid,195,33.00421189193614,3.5256375344734625,9575
2014,Kuga,Semi-Auto,61335,Petrol,127,59.373919479294926,1.538289663629713,48575
2007,Focus,Semi-Auto,26285,Petrol,191,99.0153733632467,1.8016346119431943,47418
2000,Focus,Automatic,75524,Petrol,213,79.17277139380154,1.838666414805622,22254
2001,Fiesta,Manual,90334,Electric,488,35.67308158161305,1.5669695910333388,19164
2009,Focus,Semi-Auto,24418,Petrol,77,55.138222409974354,2.8597982930046073,7012
2000,Mondeo,Automatic,71411,Other,96,46.546352252810074,1.1743708582744468,42103
2010,Ka+,Semi-Auto,38379,Petrol,106,57.29145969983546,2.0784435286394065,47167
2020,Kuga,Semi-Auto,19706,Diesel,5,72.2394003788453,4.210462308407152,17540
2003,Ka+,Manual,39819,Other,277,80.89674873097118,4.691852153600588,6248
2011,Fiesta,Automatic,15697,Petrol,168,96.02050331348957,4.448213037869563,9072
2018,Ka+,Semi-Auto,16505,Electric,141,36.55522920510407,2.200391791133568,6164
2002,Mondeo,Semi-Auto,26711,Petrol,27,39.18297301027414,3.070143053120917,11241
2000,Focus,Manual,56451,Electric,34,12.013856360297492,4.7281007916330395,28384
2000,Kuga,Manual,75806,Other,384,36.96957849615664,3.2233860395946854,5357
2004,Mondeo,Semi-Auto,56919,Other,55,94.7538168440191,1.9464406900533895,11021
2021,Fiesta,Manual,14001,Other,249,85.00595872574816,3.7068520849302478,26737
2005,Kuga,Manual,19835,Other,44,20.70878064035704,3.4955289938379956,34422
2006,Ka+,Automatic,25135,Electric,231,96.8175947336516,1.234860242987638,38112
2008,Fiesta,Automatic,29517,Diesel,176,89.91196374520499,4.0576754967293445,35158
2020,Ka+,Semi-Auto,29075,Electric,367,87.2284349400279,1.269764345021068,13887
2017,Mondeo,Semi-Auto,83860,Electric,307,93.15838449030957,3.4770868717532224,23510
2015,Mondeo,Semi-Auto,78486,Petrol,315,58.05890765882734,3.7310776605058273,42713
2004,Fiesta,Manual,3722,Petrol,17,97.3861051142563,3.332141309698169,30609
2009,Focus,Automatic,95881,Electric,352,12.357729054276913,2.4304288188433705,5677
2010,Fiesta,Semi-Auto,31794,Hybrid,224,60.61868886707356,3.3835673871952077,27451
2001,Focus,Automatic,5471,Diesel,267,43.5785475148584,3.1656232397958406,21111
2001,Fiesta,Manual,44845,Other,426,60.766035419999035,3.3403286278308615,33658
2007,Fiesta,Automatic,15812,Other,198,90.85288716125048,4.219978137527291,32162
2009,Kuga,Manual,75656,Other,210,50.4428849061918,4.286481221845462,8467
2003,Focus,Semi-Auto,51599,Petrol,289,30.4706895115591,4.002653672442708,31407
2006,Focus,Manual,20679,Petrol,51,42.28660605417664,2.8774159342125363,24625
2011,Mondeo,Manual,80023,Diesel,436,50.115865121141006,2.355876092321041,25589
2014,Ka+,Manual,78697,Diesel,325,50.944032990919624,4.5009564711467265,46761
2018,Mondeo,Manual,29576,Electric,81,40.40496196029079,4.4947256313379915,45434
2000,Focus,Semi-Auto,79718,Petrol,438,51.63818595036627,4.235931180176349,27835
2014,Kuga,Automatic,9895,Other,266,41.18676446568411,4.52586292403102,41598
2003,Focus,Semi-Auto,41237,Electric,204,37.05259550580579,2.5205647401000584,38912
2021,Ka+,Semi-Auto,35999,Hybrid,41,87.51116573036394,3.0912610379776435,49309
2012,Ka+,Manual,79958,Hybrid,465,86.06474019078836,3.2365522074357416,32261
2010,Fiesta,Semi-Auto,90974,Diesel,415,35.56172655841858,3.8434952570393293,26046
2020,Kuga,Manual,34637,Petrol,259,90.28947486906134,4.10683538356169,41431
2011,Mondeo,Automatic,4541,Petrol,232,48.12945605218486,3.2049871489067154,12536
2004,Kuga,Manual,90750,Hybrid,226,41.05515022748048,4.60119692797658,21139
2006,Fiesta,Automatic,72067,Diesel,426,29.295456403519143,1.8210483204341443,44713
2004,Focus,Semi-Auto,5973,Diesel,350,73.99038301762896,2.5755808020498336,25474
2015,Ka+,Manual,64100,Petrol,134,12.623028070662093,1.1348976619065763,21650
2020,Focus,Automatic,54864,Petrol,320,64.07423592888925,4.925826589940695,8303
2003,Focus,Semi-Auto,90283,Hybrid,4,12.518133469785113,4.185432296848409,11951
2012,Fiesta,Automatic,78403,Other,132,36.30946580434661,1.4064719564678483,47784
2004,Mondeo,Manual,8931,Diesel,63,97.57023231504347,2.269142298409586,14156
2020,Focus,Automatic,93297,Petrol,236,63.265139211878505,3.090698673965546,46123
2008,Ka+,Automatic,50451,Diesel,448,36.37121920684058,2.116037782708934,27216
2014,Ka+,Automatic,78931,Other,499,35.94995396595286,1.3834010094355704,14303
2015,Mondeo,Semi-Auto,37747,Hybrid,483,21.285502496915786,3.3547533910650076,19930
2020,Mondeo,Automatic,66459,Other,342,39.77265613150905,1.816907190967227,42038
2003,Fiesta,Automatic,27070,Hybrid,478,50.52917487331873,3.4949423699534807,38506
2015,Kuga,Automatic,28242,Diesel,487,74.23481922395777,3.732543856756064,40866
2013,Ka+,Automatic,25708,Electric,413,60.99836914992958,4.237854837634189,48420
2021,Focus,Manual,17700,Diesel,278,13.762080067168151,2.730991408734679,31380
2021,Fiesta,Manual,40340,Electric,87,41.139082602212156,3.7630540711901452,48793
2016,Mondeo,Semi-Auto,12230,Diesel,305,14.589879841836154,1.0441234718044539,7434
2017,Focus,Automatic,51245,Other,282,94.48853699348659,3.486881931364209,29564
2005,Kuga,Semi-Auto,75956,Hybrid,118,48.293605716097645,2.681663440599445,37290
2009,Mondeo,Automatic,35895,Diesel,312,63.89411939039841,4.217192203432664,5935
2003,Kuga,Manual,28320,Petrol,139,75.72549045647945,4.950347276254563,14226
2000,Kuga,Automatic,47633,Hybrid,386,10.321382743832682,2.0989663974266377,11707
2005,Ka+,Semi-Auto,74320,Other,469,19.505519228785257,4.567219236431085,9289
2000,Ka+,Automatic,76267,Diesel,12,58.25816763957046,1.3345606636894645,11039
2017,Kuga,Manual,52568,Hybrid,464,64.10741411137215,2.754771595492351,32008
2018,Ka+,Semi-Auto,46510,Petrol,2,75.18760047404105,3.7506577961221663,31442
2004,Mondeo,Automatic,76775,Hybrid,91,20.327757387261833,4.438761280209859,15747
2002,Kuga,Manual,8987,Diesel,204,42.15306256017248,1.806972672376153,12236
2016,Kuga,Automatic,99401,Petrol,117,77.21032777565911,2.919797103915549,31004
2003,Fiesta,Manual,12439,Diesel,121,31.526679719089177,4.901223578337345,29249
2002,Fiesta,Semi-Auto,84815,Electric,121,97.0727620018689,3.9228257983584216,30861
2010,Fiesta,Semi-Auto,76070,Hybrid,233,97.70064139145842,2.5154285235592235,17011
2013,Fiesta,Automatic,8816,Petrol,35,53.69554818172912,2.939946491906225,32385
2016,Focus,Manual,41067,Diesel,128,21.7260827796933,4.670570876182115,18038
2007,Fiesta,Semi-Auto,7251,Electric,317,11.672570435066955,2.8958344990401184,37259
2021,Mondeo,Automatic,31518,Diesel,77,20.639924830875174,1.1381537902048882,28134
2009,Focus,Automatic,91281,Diesel,101,43.877764576446175,1.7392587737401457,30771
2000,Mondeo,Automatic,22814,Hybrid,402,40.42910039363743,0.915383983902264,34954
2010,Fiesta,Manual,21761,Hybrid,419,79.55233620462084,2.8689255689400692,44291
2018,Kuga,Automatic,17455,Electric,10,61.27862738181563,4.890962300370684,49961
2011,Focus,Manual,92071,Hybrid,275,49.491448206197056,4.190134117276063,37155
2002,Kuga,Automatic,55621,Petrol,236,22.702820418125874,1.069285530915604,27067
2002,Mondeo,Manual,9958,Electric,155,23.039125762468977,4.716548241411664,43349
2003,Mondeo,Automatic,54189,Hybrid,265,78.50486951427763,1.3563971310596061,12959
2003,Focus,Automatic,10766,Other,112,94.48950790630553,0.994288761518954,21527
2018,Mondeo,Manual,2987,Petrol,422,33.120102603160134,1.7675452995781769,47570
2014,Focus,Semi-Auto,67823,Diesel,378,57.578141649660424,2.950661060428187,8804
2003,Mondeo,Semi-Auto,50522,Petrol,268,83.78946270009264,1.2188168473228427,44221
2020,Kuga,Semi-Auto,33683,Petrol,239,82.62103883280733,4.103557739214406,40071
2017,Ka+,Manual,6015,Petrol,230,67.85716819330364,0.9716740722164008,43764
2018,Fiesta,Semi-Auto,4288,Other,497,13.863640477770058,1.7944280581603727,13279
2014,Fiesta,Automatic,21466,Petrol,102,24.215281203470578,3.3534462044541797,10021
2009,Ka+,Manual,63237,Other,69,85.64208046123316,2.583355805237263,6374
2001,Ka+,Semi-Auto,88347,Other,342,83.07822607475957,2.7877036540230344,47442
2004,Focus,Automatic,50041,Hybrid,62,69.99405520196936,3.6469454045404786,14113
2010,Mondeo,Automatic,92435,Other,12,61.94970529648442,2.374500237397971,46453
2022,Kuga,Manual,8073,Other,66,34.007663515173284,1.8866888489973808,46605
2011,Fiesta,Semi-Auto,98072,Electric,59,69.70017483268869,4.6647174330006465,10220
2008,Ka+,Automatic,11958,Other,384,19.66870220057855,2.3152711734764915,23179
2011,Ka+,Semi-Auto,95634,Petrol,497,95.8308459953309,2.859885847244605,35072
2002,Ka+,Automatic,74424,Diesel,24,61.654457907361504,4.261831431337032,15251
2019,Mondeo,Automatic,70871,Other,362,16.610075678750412,3.4944868027023768,36771
2016,Kuga,Manual,48093,Other,221,87.38340107707347,3.4437443447996503,30576
2000,Ka+,Semi-Auto,33106,Hybrid,476,60.88226612798891,3.5191525749515042,37384
2022,Kuga,Automatic,61147,Hybrid,480,30.30307006445707,4.222526357791995,40979
2000,Fiesta,Semi-Auto,55415,Petrol,132,14.099142585472833,3.0560240299335617,25546
2006,Focus,Semi-Auto,1336,Electric,456,98.61010291235779,1.2110032544530567,44829
2019,Focus,Semi-Auto,46256,Other,402,54.56605917337033,3.6286034572325283,38737
2014,Fiesta,Manual,87377,Diesel,301,30.162385150312772,1.5764809813239196,48262
2010,Focus,Automatic,47781,Other,476,61.83632485445048,4.297698028284211,6141
2019,Ka+,Semi-Auto,16158,Electric,199,27.388052172227873,1.5418247722349883,11766
2008,Mondeo,Manual,35219,Electric,72,33.654143904801586,4.821437980792655,21817
2013,Focus,Semi-Auto,5505,Diesel,400,93.23840878368688,3.812442175272501,38593
2002,Fiesta,Manual,33896,Petrol,86,37.37723810077529,1.979882950351345,10080
2003,Mondeo,Semi-Auto,72803,Other,362,57.565066459306436,1.7505832206554501,36795
2002,Fiesta,Semi-Auto,64793,Other,79,36.359320859240526,4.500852621777018,28958
2011,Ka+,Semi-Auto,66922,Hybrid,383,47.519582811449325,1.8454523096806115,22010
2013,Fiesta,Manual,18606,Petrol,276,63.153757478596944,2.588631144117359,27301
2016,Ka+,Manual,53099,Diesel,48,78.57647399297085,2.787305075989251,11581
2008,Focus,Automatic,94982,Other,469,10.726481772827722,1.4099083683845284,21173
2008,Mondeo,Automatic,75509,Electric,87,29.24838764885925,3.9153938487149063,21309
2019,Kuga,Manual,90419,Petrol,481,82.28017663309122,1.3414528951318028,44504
2008,Mondeo,Automatic,15981,Electric,322,33.82028015024316,4.4028301631563505,38291
2002,Kuga,Manual,67192,Electric,48,20.115980029749522,3.0802299316394257,42480
2020,Focus,Manual,48565,Other,218,39.88207562379239,3.4284087079612378,22279
2003,Fiesta,Manual,84134,Diesel,139,71.19087621037136,4.298316600629685,10454
2012,Ka+,Automatic,24944,Diesel,152,68.69399762019577,2.278645455157997,28218
2014,Ka+,Semi-Auto,74755,Diesel,399,86.41437119561651,4.857091638622143,31556
2000,Ka+,Automatic,5998,Other,367,94.66880941911205,3.408387534764206,20181
2004,Focus,Semi-Auto,97620,Hybrid,153,70.57206982746649,1.4093957079760064,30012
2003,Focus,Automatic,62174,Diesel,383,87.4201228165634,2.079861066482942,45385
2013,Kuga,Semi-Auto,87570,Electric,389,33.64184088092565,2.9346699076287064,16376
2011,Mondeo,Semi-Auto,20076,Electric,22,49.82741005528798,3.7074564167597712,42373
2022,Mondeo,Manual,24528,Hybrid,310,38.61007010271503,1.7288609595291704,7281
2013,Fiesta,Automatic,75127,Petrol,307,79.23643672570489,2.6505529648138704,32534
2013,Kuga,Semi-Auto,49512,Other,162,77.32498755766998,1.3414866499607099,46483
2011,Focus,Automatic,82063,Other,157,46.11888752806319,1.6402298116575253,14924
2016,Focus,Manual,90637,Electric,140,69.98304756541054,4.008280644326984,30377
2021,Ka+,Manual,38382,Diesel,300,11.17521373417642,3.398385345976944,11328
2014,Kuga,Semi-Auto,13019,Diesel,314,91.59189699958577,2.7541962638543587,34097
2016,Kuga,Manual,63045,Hybrid,380,48.05405537475865,0.9292535121299001,38435
2022,Focus,Automatic,53026,Petrol,276,91.56630140929623,1.171129153952644,34106
2021,Kuga,Manual,64343,Diesel,319,14.098302763369064,4.030625549233064,43287
2019,Ka+,Manual,68481,Diesel,430,17.51990778974639,1.2847366556591775,42286
2001,Ka+,Manual,2612,Electric,353,54.98948063164625,4.0612709745057884,25309
2008,Focus,Manual,64552,Diesel,75,29.9898540254532,3.8690900213397685,38297
2000,Focus,Automatic,82844,Other,302,75.71598221243516,3.0063091211492012,47407
2004,Kuga,Automatic,70682,Diesel,350,71.45992913970484,2.3714155675344,34406
2006,Kuga,Semi-Auto,2436,Diesel,110,66.76007903824515,4.590949593664822,32327
2021,Mondeo,Manual,81839,Petrol,248,85.68940095285492,1.623990260695912,36225
2013,Kuga,Semi-Auto,85417,Other,267,86.1922156443437,4.405617328780269,41984
2007,Kuga,Semi-Auto,62168,Hybrid,454,34.36622244443916,4.030250397361156,38073
2015,Fiesta,Automatic,92186,Other,351,29.877766060156222,3.6377132189237065,43025
2009,Focus,Manual,19823,Hybrid,290,70.97254281716084,4.763718356678472,11169
2018,Kuga,Manual,13058,Petrol,297,19.837799606609693,4.984121987904513,23077
2008,Fiesta,Automatic,66192,Petrol,149,28.202172808990017,4.135863348425833,32074
2022,Kuga,Automatic,21974,Electric,202,90.09166983776102,1.8379383211739737,14728
2015,Focus,Automatic,84094,Petrol,91,67.81522013408966,3.708351211990301,13625
2011,Mondeo,Manual,91431,Diesel,81,27.684576727116088,2.541573016965321,28769
2006,Ka+,Semi-Auto,35645,Other,486,71.62450970074534,1.4016485391680322,31373
2015,Focus,Semi-Auto,54812,Hybrid,313,26.801956328228894,4.380018535066783,5653
2001,Focus,Manual,36876,Other,390,67.39753746341599,2.2724189844465212,7853
2022,Fiesta,Semi-Auto,25262,Other,395,29.52748221947057,4.854253100117531,43996
2012,Fiesta,Manual,78034,Other,189,74.22803084365421,4.2255774096921375,29171
2003,Fiesta,Manual,36220,Other,368,98.39936869886367,4.18021794762601,31398
2018,Mondeo,Automatic,89452,Other,477,54.23497908429611,4.2903702659483045,21828
2015,Fiesta,Manual,27338,Petrol,461,69.56517782206473,2.5733349324739385,42177
2003,Focus,Automatic,82007,Other,366,99.93832345390794,1.2370550735271406,27964
2010,Fiesta,Automatic,50403,Other,147,46.13195566395882,4.97970008853007,43294
2012,Kuga,Semi-Auto,54991,Hybrid,249,83.02631392045207,4.853017698659807,24549
2006,Kuga,Automatic,12391,Other,7,19.19864189361249,2.817574229565097,41692
2003,Ka+,Semi-Auto,7159,Other,313,11.056288388216192,4.296802254746685,29641
2022,Kuga,Manual,25024,Other,144,96.91394142689002,2.8571841384447456,14257
2005,Ka+,Semi-Auto,42614,Diesel,326,64.69044191170059,4.697198871632673,38144
2011,Kuga,Semi-Auto,72562,Diesel,168,43.278465471616016,2.540247459005946,27614
2000,Mondeo,Semi-Auto,5854,Diesel,463,51.09322585317813,4.502480783237885,47439
2011,Ka+,Manual,13884,Other,190,19.494742214847328,0.9530876340052968,45998
2008,Kuga,Manual,63569,Petrol,194,12.560440415284466,2.29933839868782,42264
2020,Ka+,Automatic,81616,Diesel,10,78.09140358329932,3.4275064561472,43836
2010,Ka+,Manual,34332,Electric,297,58.228811385921425,4.404864980415787,37947
2022,Kuga,Automatic,45747,Diesel,426,90.92006921194725,1.2636073263579872,9333
2011,Focus,Manual,45284,Hybrid,424,65.04666915156133,1.2061453969194909,46500
2005,Fiesta,Semi-Auto,59845,Petrol,413,52.13589344651424,4.13027767490095,11281
2015,Ka+,Automatic,67371,Hybrid,74,63.675368070264156,3.2210541773703767,45361
2008,Ka+,Manual,44252,Hybrid,330,67.71996477994122,1.440888265412117,5494
2002,Ka+,Manual,92948,Diesel,159,40.37236864736123,2.8572620912919398,12822
2019,Fiesta,Manual,75970,Hybrid,81,66.7655751774394,1.7389961900460693,31598
2021,Ka+,Semi-Auto,53604,Hybrid,355,40.5399593496564,3.980706221671926,38437
2019,Ka+,Automatic,13507,Petrol,420,91.70419964250627,4.243988703957329,34650
2014,Kuga,Automatic,10986,Diesel,484,30.03968087608176,2.7065575530352355,29070
2020,Focus,Automatic,36004,Petrol,61,31.936868703648717,4.8682068732619985,24511
2021,Mondeo,Manual,27690,Other,337,76.6127728922719,3.505116813828395,19913
2003,Mondeo,Automatic,85477,Diesel,369,79.96585324237405,1.9645894849236822,8712
2003,Fiesta,Automatic,79573,Hybrid,469,56.33002407934392,1.1703133916378394,35110
2007,Mondeo,Manual,97505,Diesel,411,71.6236625464256,3.758988563986885,5049
2009,Focus,Manual,65309,Diesel,281,40.16588698249828,3.3190067501312117,39804
2009,Mondeo,Manual,49018,Other,431,30.815513853699663,2.3069693053470917,21702
2009,Focus,Manual,47959,Petrol,182,67.81906316211865,3.9278662813124634,44937
2003,Focus,Semi-Auto,95139,Diesel,456,57.25797434837729,1.0588158742255982,5508
2014,Kuga,Semi-Auto,38924,Diesel,481,90.25930700355813,4.39436785474283,15187
2018,Mondeo,Automatic,97081,Electric,250,53.902060476017816,1.6816948166184922,12839
2012,Ka+,Semi-Auto,10240,Diesel,367,19.79918596601962,1.0358171728962715,25000
2003,Fiesta,Manual,13139,Petrol,457,81.1757117397415,4.556876289420694,6354
2009,Ka+,Semi-Auto,74045,Electric,395,43.31975786421446,3.433506580447895,19141
2010,Mondeo,Manual,65312,Hybrid,176,32.6078771341332,1.4101613942880118,47840
2013,Mondeo,Semi-Auto,56282,Hybrid,495,58.62343680403337,3.4731358850363243,31746
2007,Ka+,Manual,25127,Diesel,92,19.459177126983036,4.545039339226094,44308
2007,Kuga,Automatic,60337,Petrol,272,14.775162199402926,3.298721928532477,32162
2021,Mondeo,Automatic,51468,Diesel,240,65.631855074355,3.9793213800417786,27276
2001,Kuga,Semi-Auto,58195,Hybrid,450,13.46090598590821,4.572166757078043,5177
2012,Fiesta,Manual,56721,Diesel,200,64.2974997798746,4.656047323580965,29526
2002,Mondeo,Automatic,53113,Diesel,417,33.3207482649734,1.4842547157449735,41756
2002,Ka+,Manual,23815,Hybrid,123,96.89445760124464,3.9942732472313236,13891
2001,Kuga,Semi-Auto,91618,Hybrid,176,56.34783278643435,4.418728507349402,41494
2005,Fiesta,Manual,27226,Electric,398,79.6485083493476,4.930726702733875,9406
2008,Focus,Manual,49646,Electric,168,49.625453086600125,4.442312467306338,36108
2004,Fiesta,Semi-Auto,99482,Petrol,321,94.65551988764602,3.699958085714122,9155
2000,Kuga,Automatic,20583,Petrol,174,11.853143071481862,2.025904546524918,39098
2011,Mondeo,Semi-Auto,75187,Hybrid,223,91.18615121196694,2.1769445300610424,25731
2002,Mondeo,Manual,99464,Petrol,278,19.07886386489217,4.139718888661859,49554
2005,Focus,Semi-Auto,43854,Petrol,493,12.292840323049422,2.5989137957830977,21651
2021,Kuga,Semi-Auto,54721,Electric,192,85.33714329976965,4.384184902276345,29917
2016,Mondeo,Manual,81157,Hybrid,204,56.09984085932631,2.830645556395019,15681
2008,Mondeo,Semi-Auto,96827,Electric,168,10.398854226957878,3.6294304115737677,18250
2001,Kuga,Automatic,91444,Diesel,248,18.835493811080084,4.817979480790202,39429
2017,Fiesta,Automatic,93050,Hybrid,448,22.041130155690063,1.7703761550205872,41414
2016,Ka+,Semi-Auto,60817,Other,476,44.1596515909146,2.0828279721028005,29203
2003,Fiesta,Manual,18558,Petrol,159,93.44537632099879,2.74462635266936,45831
2008,Kuga,Semi-Auto,7276,Petrol,60,45.49911510378697,4.122871867221203,14545
2020,Fiesta,Semi-Auto,60406,Hybrid,382,67.03343170814267,4.26227946419671,6208
2004,Mondeo,Automatic,1010,Other,284,98.7114301958866,4.256254915112555,34086
2016,Kuga,Automatic,38853,Hybrid,124,38.57319410835478,2.2440262834660394,36159
2003,Mondeo,Manual,3771,Petrol,185,72.31604330469878,1.2631101476462558,47604
2007,Mondeo,Manual,40944,Petrol,83,88.34921628536817,1.509770985418308,30823
2003,Mondeo,Manual,73666,Hybrid,499,30.78072390495685,1.5373138285103702,27360
2018,Fiesta,Semi-Auto,35386,Diesel,96,19.70104659471921,3.6514677066000374,11096
2017,Ka+,Semi-Auto,90668,Electric,106,55.766761109376645,3.1890039262269587,10085
2001,Focus,Semi-Auto,73042,Hybrid,299,94.66082122409473,1.6421679586067626,24677
2018,Ka+,Semi-Auto,8517,Diesel,68,88.31904942430008,2.748361607709232,15511
2017,Focus,Manual,4107,Other,498,29.542225544524374,2.9845401474932878,43329
2020,Kuga,Manual,82615,Petrol,209,95.05580500689702,4.089574459768216,18177
2002,Ka+,Manual,30742,Petrol,93,46.103470496068354,3.2885324071754827,11791
2005,Focus,Semi-Auto,98453,Hybrid,486,86.95562264970512,2.4464266052188526,15442
2005,Mondeo,Semi-Auto,81323,Other,26,19.61206347803452,4.792538340066875,47293
2012,Kuga,Manual,5666,Hybrid,217,47.13112368640443,2.9605795052077837,43066
2012,Ka+,Automatic,22123,Electric,466,58.898505533304196,4.432363433378198,6790
2021,Fiesta,Manual,52398,Hybrid,435,64.01498258663311,2.7108547205426867,18736
2002,Kuga,Semi-Auto,8234,Petrol,340,90.48177302773934,0.9613459367923477,5586
2015,Mondeo,Semi-Auto,79488,Petrol,303,38.861993357783874,3.3687454445213456,26159
2021,Mondeo,Manual,35487,Diesel,313,21.944903098255736,4.189945917263503,18823
2007,Mondeo,Automatic,89507,Electric,41,52.54608474358871,2.0637761339012917,43188
2007,Focus,Automatic,6795,Diesel,455,18.106070178102478,3.796014747130188,25149
2011,Ka+,Semi-Auto,88299,Electric,226,85.90627884299802,2.800190949991466,6920
2022,Kuga,Semi-Auto,99203,Petrol,412,57.55122939431491,2.351529261023439,6257
2017,Ka+,Semi-Auto,4058,Hybrid,160,30.60797452870902,1.1465075204507253,33625
2006,Ka+,Manual,15704,Petrol,497,21.76053177035705,2.3582205299545467,21840
2007,Focus,Semi-Auto,83503,Diesel,486,63.19734985303142,4.215945837251718,32869
2018,Focus,Semi-Auto,27733,Diesel,140,77.65075473890204,4.162717452271987,16369
2011,Mondeo,Semi-Auto,6311,Hybrid,88,44.836043256596405,4.353423973567003,29244
2019,Ka+,Automatic,8547,Other,110,80.2552624298464,4.175508841707947,5160
2017,Focus,Automatic,9197,Petrol,494,70.68584092133791,4.043490250082659,14006
2009,Mondeo,Semi-Auto,16860,Diesel,199,14.477107842322674,4.3177173777813405,21627
2014,Kuga,Automatic,74000,Other,457,74.76882776040019,4.260488523957238,13565
2021,Focus,Automatic,33726,Other,444,61.72767992241029,1.806029324862795,22637
2009,Focus,Automatic,42396,Petrol,295,92.64573685204913,3.799755953501848,18615
2018,Kuga,Automatic,31635,Diesel,301,18.420076395797942,4.985443085966258,18488
2000,Kuga,Manual,17156,Other,161,25.76518831378113,1.494933762793127,20772
2009,Focus,Automatic,66925,Diesel,94,69.78804032387573,3.9152756798687043,32858
2011,Kuga,Automatic,92933,Other,483,86.80158632477466,4.680901965669925,36082
2017,Kuga,Automatic,32588,Petrol,60,28.758920798776295,3.5721427567044675,12412
2009,Mondeo,Automatic,29719,Petrol,418,95.35360631324703,2.3022312203074873,9638
2000,Focus,Manual,3492,Diesel,487,89.86574398079861,3.6556724061165076,34344
2022,Kuga,Manual,7463,Petrol,450,18.898459565807137,4.703866769999177,31311
2016,Mondeo,Semi-Auto,73315,Electric,157,95.06961851745409,4.734888389096833,7790
2010,Focus,Automatic,9489,Petrol,376,31.722805742140906,4.451765938203171,6601
2004,Focus,Automatic,55813,Hybrid,167,66.3811014559927,3.1817205676746148,25178
2020,Focus,Semi-Auto,14408,Petrol,319,72.55019802991839,3.2445185873727507,13893
2003,Kuga,Manual,85668,Diesel,150,39.742153610898356,4.833855070194279,32776
2019,Kuga,Semi-Auto,22300,Other,227,15.575929100387757,3.615571880569909,24028
2008,Ka+,Manual,33292,Electric,53,70.97835482782382,0.9829178203767902,11592
2014,Mondeo,Semi-Auto,83579,Diesel,192,20.967408116630516,2.0357897140596717,20413
2000,Ka+,Semi-Auto,74568,Diesel,26,12.779777906277065,2.501078688198341,12462
2019,Mondeo,Automatic,26845,Other,68,77.2312815171015,2.895852865907332,37002
2008,Fiesta,Semi-Auto,26179,Other,43,19.97411729545648,2.145037824572176,30347
2007,Ka+,Manual,20610,Hybrid,431,83.00501780783586,1.7791440716852873,26942
2013,Focus,Manual,74272,Diesel,137,99.01709632739707,3.8134179480145347,26138
2017,Fiesta,Semi-Auto,57632,Electric,70,46.331474042023764,1.5935959546572862,18102
2020,Fiesta,Manual,70404,Hybrid,413,68.14202197264686,1.2734790083373906,39546
2000,Fiesta,Semi-Auto,17301,Hybrid,5,93.69461364428432,2.5811851887636323,21647
2011,Mondeo,Automatic,69567,Electric,1,92.52067470458006,4.223154671565289,12928
2004,Kuga,Automatic,65773,Other,380,38.15656957439438,4.017113206850954,28040
2000,Kuga,Automatic,7741,Other,86,12.444344537201243,1.869209818200426,40039
2010,Fiesta,Automatic,20746,Diesel,26,35.89722328558784,1.9942717155046013,15040
2014,Kuga,Semi-Auto,46953,Hybrid,349,26.728994452193287,4.947305139392775,18936
2022,Focus,Manual,75333,Electric,133,42.02643761150427,1.204609431534458,28387
2020,Kuga,Semi-Auto,56021,Electric,400,35.568630361520235,1.2224569702744823,21743
2018,Mondeo,Manual,52170,Electric,410,85.87412345153885,1.2717015970270715,37423
2004,Fiesta,Semi-Auto,48374,Hybrid,300,57.20165082028712,2.2274799613830543,7823
2022,Ka+,Manual,29906,Petrol,282,21.645485779890635,4.031731639817992,22166
2003,Focus,Manual,27142,Petrol,78,44.7193184594908,4.551836366930656,6422
2019,Ka+,Semi-Auto,93598,Diesel,344,69.93533082312277,4.722900524115389,38151
2007,Fiesta,Automatic,70403,Hybrid,136,89.4686140136157,1.9348684210871547,39659
2008,Fiesta,Semi-Auto,66927,Hybrid,275,51.50671418639069,2.786736933796397,24039
2013,Ka+,Automatic,74053,Petrol,477,92.63319305773989,1.2833826101041164,32515
2005,Fiesta,Semi-Auto,53900,Other,375,81.66932055849588,3.1805570351135946,19834
2000,Fiesta,Manual,54414,Petrol,315,16.827768013520583,0.9268142910530779,9731
2008,Fiesta,Automatic,74820,Hybrid,75,83.15710080846084,2.7844978410285535,18732
2015,Kuga,Manual,14909,Electric,174,18.235947906192102,4.919682543653474,29526
2015,Kuga,Manual,72895,Hybrid,277,92.36945851701633,1.4757403152177102,48151
2021,Mondeo,Manual,27021,Diesel,450,74.60524906983704,1.7641010122821337,35837
2011,Ka+,Semi-Auto,37756,Petrol,189,30.969173366517655,2.038342743751247,17109
2004,Focus,Manual,34549,Diesel,57,25.211022050876807,4.453833600898224,19420
2007,Ka+,Semi-Auto,21589,Petrol,410,51.36752492484729,4.5489718072949055,27248
2013,Ka+,Automatic,33178,Petrol,53,68.47209073956888,4.775649931256753,41944
2010,Mondeo,Manual,4561,Diesel,368,28.322701330286524,1.9184672194434396,29027
2020,Kuga,Automatic,97566,Diesel,491,96.13997453912114,2.7593239756775705,39668
2014,Focus,Automatic,12390,Electric,452,23.398583009752418,2.4662280961661707,26530
2017,Focus,Semi-Auto,31145,Diesel,121,87.4018309380878,3.343016932910352,32310
2019,Mondeo,Automatic,81712,Other,406,33.53498957428219,2.1134276232475426,23175
2003,Fiesta,Semi-Auto,11343,Hybrid,338,14.101335401106466,4.298964848595221,32834
2009,Ka+,Semi-Auto,63316,Electric,166,64.34766506429662,4.615172098933755,15163
2018,Ka+,Automatic,75825,Petrol,449,49.187006401225865,4.589876089195121,33616
2021,Focus,Automatic,85529,Other,132,37.40134176306651,1.979049357410752,12560
2002,Ka+,Automatic,38137,Diesel,125,38.82330154090541,2.8864055278892122,15267
2019,Focus,Semi-Auto,25881,Diesel,231,71.07672819420252,3.105188911457813,47589
2021,Kuga,Semi-Auto,10305,Other,403,52.43812162853031,4.876696347799256,21707
2011,Kuga,Automatic,15807,Hybrid,347,54.65832878167865,2.695472526248797,32448
2018,Focus,Semi-Auto,79073,Other,391,14.686675046235633,1.1862838923985366,45962
2013,Mondeo,Automatic,29787,Petrol,368,72.96452883861014,3.537937412926629,19284
2001,Ka+,Semi-Auto,38578,Other,373,56.36727879180171,1.6153036890463097,29348
2006,Focus,Semi-Auto,85826,Electric,477,81.5939453285875,2.3972871191685177,43771
2010,Mondeo,Manual,24821,Other,354,58.88099110001208,3.024109202878493,5207
2021,Kuga,Manual,5961,Other,344,33.292644128146065,4.847379936880908,28688
2016,Ka+,Automatic,40169,Petrol,313,21.358929353637645,1.5545944853866818,37926
2016,Ka+,Manual,55752,Petrol,460,56.069094592196706,4.39267589401516,18565
2003,Kuga,Semi-Auto,97427,Hybrid,325,95.89091305497733,0.9770120633921267,15270
2017,Fiesta,Automatic,28319,Petrol,44,26.365260093388255,1.0964139343535715,39917
2010,Focus,Manual,37130,Petrol,13,63.88129456978342,2.865801854901604,19336
2009,Mondeo,Automatic,14278,Petrol,496,61.860860496300575,3.246708939554049,18163
2012,Mondeo,Automatic,56854,Other,422,34.88566116323432,1.6749339386789357,13533
2013,Fiesta,Semi-Auto,56642,Other,207,81.80126372505565,1.6586710958207291,33268
2006,Mondeo,Manual,91769,Petrol,0,72.73504055742696,3.850852796676201,33281
2006,Mondeo,Semi-Auto,98136,Diesel,113,55.98804903674452,2.1645603396164357,15247
2007,Ka+,Automatic,65303,Petrol,435,66.12417422470422,3.812049584266886,24997
2008,Focus,Automatic,10588,Petrol,196,68.21152841713243,3.0217300830980776,37968
2013,Ka+,Automatic,65432,Hybrid,45,96.38495010318117,2.404447123423315,26671
2007,Kuga,Manual,70559,Petrol,150,28.24236049119105,1.087665556082319,48106
2016,Ka+,Semi-Auto,24193,Petrol,286,59.44224109458656,4.887257660777028,5564
2022,Fiesta,Semi-Auto,65320,Hybrid,32,85.86932806030504,2.4580493168538555,43353
2015,Focus,Manual,42276,Petrol,119,20.752585693196806,4.1375055842966875,45394
2008,Fiesta,Semi-Auto,14470,Petrol,95,99.11512149928755,2.280438908297765,46575
2003,Focus,Semi-Auto,44241,Electric,45,78.36514997879674,4.580918519392692,44593
2006,Focus,Automatic,31447,Hybrid,100,32.3676979304158,1.1957200952843445,42514
2017,Focus,Automatic,90188,Hybrid,387,97.72971634070106,2.053662346674116,14039
2007,Mondeo,Automatic,57934,Electric,188,30.564664868700522,3.057435065378369,21754
2020,Ka+,Manual,16196,Hybrid,419,87.66734955990945,3.4132134428242162,48245
2002,Mondeo,Automatic,89655,Diesel,19,32.19019204600035,3.5381626323795086,20277
2016,Mondeo,Semi-Auto,62862,Other,98,83.66540458823424,2.506788364006176,9956
2018,Ka+,Manual,33102,Other,145,39.4041140404955,3.4734780521304436,13515
2013,Fiesta,Semi-Auto,46014,Hybrid,236,99.65788736833925,4.451518117443506,37283
2004,Focus,Manual,49944,Other,259,83.3465810489896,4.336105926584612,26933
2004,Fiesta,Semi-Auto,6383,Petrol,188,32.91970980779578,1.9343896563254384,5585
2012,Fiesta,Manual,60941,Petrol,456,78.50435503992878,1.0705477596749247,13473
2017,Kuga,Semi-Auto,97498,Diesel,65,61.63555798975916,1.8825517109976273,21529
2022,Mondeo,Automatic,23338,Electric,143,30.922326236904915,4.259972193775306,33474
2020,Focus,Manual,75205,Other,361,20.429150299455607,3.6015590564014945,33965
2001,Ka+,Semi-Auto,66824,Diesel,264,49.966068648888516,1.410450928610774,12443
2005,Fiesta,Semi-Auto,80668,Other,376,25.013022846623524,1.5735318501876256,23105
2001,Kuga,Semi-Auto,44447,Petrol,308,85.79450612939273,1.987107150457187,5132
2019,Kuga,Semi-Auto,70011,Diesel,406,38.9738764005496,4.402585539706402,14790
2021,Fiesta,Automatic,7124,Diesel,10,24.260578533958505,2.531657936316584,44056
2019,Fiesta,Automatic,53204,Electric,44,74.93032813001986,2.292581359641578,48857
2022,Kuga,Manual,48544,Petrol,140,31.867484948441284,1.8251780568758487,44344
2022,Mondeo,Manual,37374,Diesel,3,71.65985620993523,3.6630799334787847,19325
2007,Kuga,Semi-Auto,85460,Petrol,278,45.946254980078336,4.868959460006254,21287
2009,Kuga,Manual,24100,Petrol,140,45.018218543130374,1.225333957287201,6637
2017,Kuga,Semi-Auto,9765,Hybrid,153,19.348705759365078,2.961178719702265,11290
2009,Mondeo,Manual,92062,Hybrid,181,10.11880841100697,4.6004353045111674,5912
2022,Mondeo,Manual,29373,Electric,90,95.16845069350023,1.9970722464586177,25294
2000,Mondeo,Semi-Auto,42648,Petrol,40,10.762215327677854,2.2900492967632706,33526
2019,Ka+,Automatic,5514,Hybrid,169,76.73800022905215,2.923177127373679,11690
2004,Ka+,Semi-Auto,12197,Other,128,71.425486851336,1.4745080889635824,16432
2017,Ka+,Automatic,76457,Petrol,183,48.019924097854535,4.195517135255521,45654
2020,Ka+,Manual,28830,Diesel,59,58.67499374824776,1.9324247022694387,35297
2021,Focus,Automatic,97494,Petrol,230,48.884997001827365,1.141165517257158,16703
2016,Focus,Semi-Auto,50297,Diesel,180,71.57761694978342,3.625476004702465,19871
2003,Focus,Manual,7708,Electric,155,74.90932909214644,3.1357216191640607,13534
2010,Fiesta,Automatic,42101,Hybrid,40,35.34670369684234,4.711516245553975,24007
2001,Focus,Automatic,87033,Other,484,86.44782797739059,4.108827949451328,31799
2020,Fiesta,Semi-Auto,37639,Hybrid,213,56.78193101005793,1.047680372662547,40360
2004,Kuga,Manual,84477,Diesel,21,86.02328018872315,3.0721754208886103,18943
2004,Focus,Manual,5322,Electric,454,93.88108380357865,4.458102664275958,29661
2016,Mondeo,Automatic,41557,Diesel,76,54.79513242188898,0.9751761512559066,25859
2016,Ka+,Automatic,94825,Electric,135,78.58301458386107,2.4312055411670994,13684
2015,Fiesta,Automatic,33325,Electric,131,59.24259134662246,4.31567619231408,29970
2010,Kuga,Manual,1943,Other,458,47.898462053144634,1.9222760203503464,24274
2013,Focus,Automatic,16602,Other,27,45.23487582769085,0.9499456714922454,15729
2008,Ka+,Automatic,84110,Hybrid,185,62.51005804302911,2.2963466756493323,10311
2011,Mondeo,Manual,95015,Other,241,44.365334651698554,1.0418171059008225,48628
2020,Kuga,Manual,14148,Diesel,497,81.55713946028226,4.654330226980599,49336
2006,Mondeo,Semi-Auto,31822,Diesel,344,28.659344938743907,4.396393225085883,48815
2009,Focus,Manual,44770,Electric,177,34.418500854443174,2.6298781807176166,35186
2015,Fiesta,Manual,95322,Hybrid,174,58.41615162895249,2.572056842190111,41980
2003,Kuga,Semi-Auto,75992,Hybrid,201,37.02864477701502,4.915646325164721,19366
2019,Focus,Manual,82799,Hybrid,492,73.79299801682612,2.9059709233743574,10535
2012,Focus,Semi-Auto,71211,Electric,492,58.000318419527105,2.6904263641305786,45318
2018,Fiesta,Manual,52221,Other,36,17.822558171286587,2.5419252880019005,29640
2017,Fiesta,Semi-Auto,78113,Petrol,8,78.13237250376241,2.2025597598846507,22399
2010,Focus,Automatic,47042,Diesel,393,29.75904823985394,2.3072482513641925,35336
2002,Fiesta,Automatic,3370,Electric,483,94.93350134927546,2.7219734587161106,45567
2001,Kuga,Automatic,45764,Diesel,385,49.36558392277112,4.686445901178767,49923
2011,Fiesta,Semi-Auto,26632,Other,166,76.54407080094164,4.4991771106643155,30618
2003,Kuga,Automatic,38792,Other,404,80.69942033552861,4.0273524964713925,7848
2012,Focus,Manual,76367,Electric,45,64.78115255523241,4.113515745514866,21806
2004,Ka+,Semi-Auto,63609,Electric,345,31.655714002500094,2.6380803218661657,22803
2001,Focus,Manual,96113,Petrol,172,22.93012219359013,3.289568073940038,28421
2017,Focus,Manual,36427,Hybrid,89,75.61974674521522,4.577375274864133,24574
2000,Focus,Manual,97172,Petrol,453,32.36889918201677,2.2565983879928315,20575
2007,Kuga,Semi-Auto,40510,Electric,320,34.973915190888334,2.529413528814911,26714
2004,Ka+,Manual,99262,Petrol,103,68.0335379833123,1.9868373026123987,35619
2003,Fiesta,Automatic,89182,Diesel,314,98.70883852156803,1.0842489996601068,20137
2005,Mondeo,Semi-Auto,5417,Other,454,57.31110304744735,0.9665579785365427,40524
2006,Kuga,Automatic,7845,Other,326,40.64861788889131,2.0169949611243942,33158
2003,Focus,Semi-Auto,70867,Petrol,103,13.090824714122583,4.758811485256085,35339
2002,Focus,Manual,27858,Hybrid,242,83.4644117178914,2.2293758330850815,30709
2008,Mondeo,Automatic,70828,Electric,17,70.77040774997228,4.5431460141719135,25365
2001,Fiesta,Semi-Auto,96158,Other,267,76.86432074257303,1.3843027856957366,8063
2004,Ka+,Manual,33787,Petrol,17,21.578733499605114,3.666144746983114,9351
2000,Focus,Manual,76762,Electric,293,64.31092816041061,2.2471661213807987,38701
2013,Mondeo,Semi-Auto,9181,Other,94,21.91300747504136,4.559187422329551,5741
2019,Focus,Semi-Auto,52959,Petrol,185,19.237992499414176,3.7607146282605726,9724
2009,Mondeo,Semi-Auto,42613,Electric,498,76.53719023001578,2.302730717014636,11053
2021,Fiesta,Semi-Auto,91123,Hybrid,369,82.15040214268414,2.8988880297500375,37281
2005,Mondeo,Automatic,75583,Petrol,201,59.29244224308804,1.8620288436311299,34229
2001,Focus,Semi-Auto,6478,Petrol,268,22.664015968370066,1.0234527873583714,42635
2007,Kuga,Manual,91678,Petrol,401,77.44085618372839,1.1654057919930978,46491
2008,Fiesta,Automatic,82077,Other,126,19.6331527300438,4.228273810573616,40726
2022,Mondeo,Manual,30259,Hybrid,292,62.552204999482804,3.932232249261111,14395
2020,Kuga,Manual,68880,Hybrid,160,76.05988062661383,3.6304201050179437,39166
2007,Ka+,Semi-Auto,67051,Petrol,383,74.21843680692909,4.643859024061005,49889
2003,Ka+,Automatic,58847,Petrol,387,74.05588625501166,1.9348200682615815,25554
2021,Mondeo,Semi-Auto,90789,Hybrid,374,13.380428874303263,0.9740409438714067,44303
2012,Fiesta,Manual,52143,Electric,460,91.20695238091471,4.650233122921428,35854
2003,Focus,Semi-Auto,21270,Petrol,117,53.40188763212229,4.944941328196601,49100
2006,Ka+,Semi-Auto,14701,Hybrid,239,22.497530104124912,1.585292595272262,36272
2020,Kuga,Semi-Auto,60408,Other,165,54.851944515098936,3.613630932906349,19432
2007,Kuga,Semi-Auto,95344,Hybrid,199,54.710766425633274,1.3151393202532102,22560
2019,Kuga,Semi-Auto,92256,Electric,238,73.87644628402516,1.1267187834058794,15127
2000,Ka+,Semi-Auto,61786,Petrol,189,31.624313925287513,2.3868913591956327,38842
2005,Mondeo,Automatic,86596,Hybrid,5,34.02202872298105,1.3124447699438384,45854
2011,Ka+,Semi-Auto,22070,Diesel,145,17.03005540834825,1.355862477634752,27863
2009,Fiesta,Automatic,20896,Petrol,274,20.218733565136418,2.925291388491053,13906
2019,Fiesta,Semi-Auto,89582,Petrol,18,47.6438999726355,3.0724941954356537,15404
2007,Mondeo,Automatic,43755,Diesel,337,58.37664288507729,2.514247879408616,46582
2021,Kuga,Manual,49620,Petrol,33,90.98070732547211,3.6267109298907,38152
2005,Ka+,Automatic,2339,Other,138,73.45527433511865,4.945412492532829,25805
2008,Mondeo,Automatic,29262,Other,305,99.18208016052779,4.3515730160499455,36613
2011,Focus,Manual,94188,Electric,9,63.42201055606516,4.033079796623594,18892
2014,Fiesta,Semi-Auto,42984,Electric,154,94.50246410065157,2.6068536014798807,7216
2000,Focus,Semi-Auto,41651,Hybrid,132,86.94609096606807,2.2523824411920654,34868
2008,Focus,Automatic,83854,Hybrid,360,12.490914404296467,3.242339999469513,42900
2019,Ka+,Semi-Auto,52059,Other,89,81.65740644724471,2.163792979990225,15245
2006,Mondeo,Semi-Auto,14972,Petrol,114,30.091191383712335,1.5967412948299682,29073
2010,Focus,Manual,64992,Diesel,229,95.34705809363174,4.45974580657921,37540
2019,Focus,Semi-Auto,33656,Other,327,20.77111685916823,1.3948918873966707,33417
2002,Kuga,Semi-Auto,5928,Electric,353,28.492632822570247,4.9358071171908104,8195
2000,Kuga,Automatic,61539,Electric,273,37.30285728344253,1.9635227577656504,20887
2019,Focus,Semi-Auto,53293,Electric,252,10.278246012157439,3.9227382416583834,38218
2014,Ka+,Semi-Auto,17445,Diesel,495,11.231431423049186,1.1505346987208624,43498
2000,Focus,Automatic,64783,Electric,487,67.44859479432782,4.192865557311278,18374
2019,Fiesta,Automatic,22819,Electric,112,15.02956855875179,3.0146468561841924,14440
2006,Mondeo,Automatic,50360,Hybrid,17,19.11459720430961,4.866846371788389,17690
2001,Ka+,Semi-Auto,9665,Petrol,358,49.01992439679205,2.918579454773551,30045
2012,Kuga,Semi-Auto,58849,Petrol,200,78.31529463509153,4.088425487145004,29490
2018,Mondeo,Semi-Auto,21446,Diesel,102,41.705927128670666,1.853255573561185,43015
2013,Fiesta,Semi-Auto,65795,Electric,58,89.77755095808416,2.32770844053739,11312
2009,Ka+,Semi-Auto,24755,Hybrid,87,25.960675826809247,4.133453545358221,13176
2004,Ka+,Semi-Auto,57296,Petrol,439,30.2006464773301,4.478353926734056,22211
2017,Ka+,Automatic,75688,Diesel,162,13.94549067634596,1.3362587755527013,35949
2003,Kuga,Automatic,87305,Hybrid,229,82.56345227738758,3.733960351241645,32777
2002,Mondeo,Semi-Auto,50038,Electric,475,79.05855019537852,4.919774681970626,36540
2020,Fiesta,Manual,87704,Diesel,196,93.51045707215582,4.782149232171383,12766
2013,Focus,Automatic,77194,Hybrid,130,87.13674193395833,2.3937601211077304,32709
2015,Focus,Semi-Auto,1946,Petrol,493,10.549039411773684,2.1251450907987097,23614
2004,Focus,Automatic,98394,Other,369,67.10370412863591,1.451517289784554,21829
2009,Mondeo,Manual,69907,Petrol,281,29.205950357073462,4.948520946424202,36394
2004,Ka+,Automatic,39519,Other,326,15.087533780260465,4.052267065070353,22091
2017,Fiesta,Automatic,31758,Diesel,138,98.19023353757404,3.465804473805574,11379
2018,Kuga,Automatic,41746,Hybrid,19,36.616623724831854,3.036065515964669,14600
2013,Ka+,Automatic,90830,Hybrid,429,49.43941123923322,4.206209067370523,6655
2013,Kuga,Semi-Auto,22653,Hybrid,335,52.576762759009824,3.5718000827202405,21100
2002,Ka+,Manual,90434,Electric,84,97.53577357066476,2.8992511125827685,42655
2003,Focus,Semi-Auto,87435,Petrol,437,54.64055805836617,2.710780248435576,30338
2009,Ka+,Automatic,41859,Other,463,75.35295892919807,2.4521900667546332,47817
2022,Focus,Automatic,85611,Electric,182,34.357013432035046,4.876428419609611,25801
2022,Focus,Automatic,85953,Diesel,291,60.37014597812041,4.650688931161673,34175
2012,Fiesta,Manual,89956,Diesel,431,56.04865262688856,2.268860189165586,32156
2015,Fiesta,Manual,95599,Electric,199,18.182669334666805,1.1660111484794395,35796
2002,Kuga,Semi-Auto,82156,Other,360,87.47576680344775,1.5376907366762476,14418
2019,Kuga,Automatic,83436,Diesel,316,23.827584047666065,3.3443764979876955,6887
2006,Mondeo,Manual,64541,Petrol,36,49.02821757971192,3.868972276191411,31053
2014,Mondeo,Automatic,5489,Diesel,113,91.84154182516625,4.439006606108336,44096
2016,Kuga,Semi-Auto,22444,Other,412,64.24126896823508,4.62983780441006,9885
2015,Fiesta,Semi-Auto,89737,Petrol,428,44.65717772768487,4.732761007143565,36578
2008,Focus,Manual,45746,Electric,46,81.17625277046758,4.908738799184007,18669
2000,Mondeo,Semi-Auto,31615,Other,393,15.953113809021438,4.093796020963731,14032
2010,Fiesta,Manual,81825,Petrol,356,78.44052029817964,3.90616551241357,43280
2011,Focus,Automatic,28616,Petrol,87,87.8154963816444,2.2957117497477872,42500
2013,Mondeo,Manual,78205,Petrol,163,79.97650022266181,4.708488932009469,11044
2007,Fiesta,Semi-Auto,13380,Other,92,35.780174086335606,1.4634331594082872,10375
2006,Kuga,Automatic,36863,Hybrid,18,40.62854742707506,3.1339062628703513,42989
2013,Fiesta,Semi-Auto,95320,Diesel,78,85.34002590046993,2.7534496428321034,17174
2021,Mondeo,Automatic,33133,Hybrid,231,30.352897295551628,4.550137614931288,21127
2015,Focus,Automatic,97189,Diesel,148,58.41042183688719,3.533940867208725,25512
2009,Mondeo,Automatic,60394,Other,36,60.29822120430891,2.478934696317584,7296
2006,Ka+,Automatic,61672,Diesel,328,83.10957630901932,1.28476330216853,35470
2021,Kuga,Semi-Auto,84721,Other,368,11.451881442185673,2.0836071429947953,9085
2011,Ka+,Manual,42109,Petrol,359,99.99075637640028,2.9830759417159185,41095
2018,Mondeo,Automatic,2488,Electric,13,22.612600043391012,2.52034303650004,28785
2007,Mondeo,Semi-Auto,99894,Hybrid,107,42.04596450218244,4.791108352318339,6380
2001,Fiesta,Semi-Auto,84923,Hybrid,488,70.36600606988637,3.34898332503568,20119
2009,Fiesta,Semi-Auto,57869,Other,277,11.75390671793205,3.79868462801252,20964
2002,Ka+,Manual,53826,Diesel,315,54.58666542102293,3.3421173668798825,16993
2018,Fiesta,Semi-Auto,10292,Diesel,239,11.190073512194674,2.560948067861345,24854
2014,Fiesta,Semi-Auto,14011,Electric,189,32.87725511825558,1.1514858212213144,41630
2005,Ka+,Manual,30456,Petrol,480,92.75697892199719,1.0270433155910865,33354
2022,Fiesta,Semi-Auto,12256,Diesel,288,37.773570404895295,3.580348006738095,43417
2004,Ka+,Semi-Auto,17715,Diesel,30,94.8250529596422,3.7488589260781233,43959
2018,Focus,Manual,78795,Petrol,73,44.93538021171456,1.6376064282032923,41952
2014,Ka+,Manual,49649,Electric,91,61.09863165318096,3.497630687750992,19196
2018,Fiesta,Manual,38241,Diesel,445,76.65278233899934,0.9443101641544555,32286
2001,Kuga,Automatic,90886,Other,412,85.0168265786899,2.72275011821804,49815
2012,Kuga,Manual,55294,Petrol,312,14.143291999779809,2.0443369665315636,14951
2000,Ka+,Automatic,82514,Diesel,491,42.18299225408012,4.519647403350141,10100
2009,Kuga,Automatic,80172,Electric,279,15.766378609661707,2.1633205525896915,45380
2016,Kuga,Manual,12630,Hybrid,348,97.53877461193343,2.502243928365681,25863
2002,Fiesta,Automatic,6199,Other,440,34.197086750374226,1.5559899193909925,33908
2008,Focus,Semi-Auto,26455,Other,322,47.586232742840814,1.43572103182518,12818
2019,Focus,Semi-Auto,92017,Other,276,47.44444663700371,2.30125194622832,43740
2010,Fiesta,Manual,24601,Other,342,41.225627329215854,3.974006539019009,32823
2016,Focus,Automatic,62809,Hybrid,96,21.562387658779215,1.178721833196311,18230
2001,Ka+,Semi-Auto,58959,Hybrid,391,31.633580735288433,1.143981024987689,7933
2000,Focus,Automatic,11786,Hybrid,440,65.60684270562265,4.225397397345556,8653
2005,Kuga,Automatic,15247,Hybrid,277,81.47584619423218,3.049196812143733,11702
2002,Fiesta,Semi-Auto,18708,Electric,84,85.86013981443527,4.425074143041459,13986
2015,Mondeo,Manual,90836,Diesel,403,31.584690460141637,3.415269050712267,41445
2003,Kuga,Automatic,26194,Hybrid,345,27.153906559908876,1.2216131083360728,15741
2014,Kuga,Semi-Auto,56553,Hybrid,175,51.56769766928744,1.6127823526376406,33077
2005,Ka+,Manual,55528,Electric,421,53.161532507360526,2.7125253245781984,23951
2011,Mondeo,Automatic,93299,Petrol,88,42.780424157708104,1.6726924451027894,18059
2019,Ka+,Automatic,36738,Electric,339,41.45462309805553,4.449166472024314,11041
2006,Fiesta,Automatic,83398,Petrol,439,75.8483689790227,4.920931191755976,32932
2020,Mondeo,Automatic,15187,Other,170,98.13289441626536,3.4376652915716432,22231
2006,Fiesta,Manual,5010,Electric,13,11.159343292278393,3.5601411029572883,28600
2019,Focus,Automatic,81659,Other,428,19.939298703399018,4.545507000243661,11855
2006,Kuga,Semi-Auto,67389,Petrol,91,31.59620149014728,3.6791788104168592,48361
2002,Focus,Semi-Auto,25431,Electric,342,89.59638294763297,2.4804359267721376,23182
2006,Fiesta,Semi-Auto,43490,Petrol,347,88.734657759463,1.8833294758580772,30938
2005,Ka+,Manual,75684,Petrol,131,46.61597684690122,2.5782975154722494,42410
2005,Kuga,Semi-Auto,91706,Other,441,46.068580428306916,4.863905239235071,24621
2013,Kuga,Automatic,37316,Petrol,161,49.95758730552155,1.2290997291287697,27115
2009,Mondeo,Automatic,74278,Diesel,285,13.405062615726749,1.3220505845364996,41971
2004,Focus,Semi-Auto,78707,Hybrid,341,87.87775209490394,3.615959745857972,34714
2022,Fiesta,Manual,57315,Electric,66,73.48759062981668,3.376446351936643,28685
2013,Fiesta,Manual,89753,Other,38,38.938353752158555,3.9229200527316896,15375
2021,Fiesta,Automatic,96092,Hybrid,408,12.163850206999735,4.593735351569123,7321
2017,Fiesta,Automatic,17999,Other,209,26.34538084898962,3.0096625082797597,21465
2003,Ka+,Semi-Auto,25201,Diesel,77,39.04327799057539,2.336257191027146,21190
2013,Fiesta,Manual,59392,Hybrid,457,36.64007909861538,3.0334601901526304,9987
2019,Ka+,Semi-Auto,85762,Electric,233,89.77085200738999,1.6149182410828804,38456
2008,Ka+,Automatic,54044,Petrol,25,81.55117447856944,4.5914413742461555,39201
2021,Mondeo,Automatic,11709,Petrol,37,27.3584035443801,3.697466343758587,46116
2013,Mondeo,Semi-Auto,82614,Hybrid,270,91.48206178932898,4.4697512117893625,18527
2005,Focus,Manual,69765,Other,413,59.33287249985006,2.139892054167571,22912
2022,Fiesta,Automatic,4969,Electric,367,37.29406320665129,4.564413154950359,42822
2016,Ka+,Automatic,43190,Petrol,391,21.713219542787066,1.5228567775533515,11729
2014,Mondeo,Manual,44264,Hybrid,314,94.7537401684709,2.4178414518179676,6901
2005,Fiesta,Automatic,70025,Hybrid,411,15.924353419812816,1.1934063670058197,35281
2001,Mondeo,Manual,18056,Diesel,412,33.56054881583129,3.4055140774186405,41042
2005,Mondeo,Manual,67301,Electric,342,85.49357784831932,1.8937509174762779,18589
2006,Focus,Automatic,89805,Electric,68,35.11038584167528,1.8604765346294059,27422
2012,Ka+,Semi-Auto,66733,Other,451,53.276454497342606,4.973383846760006,40452
2010,Ka+,Automatic,76678,Other,280,80.58579522379168,1.8838773683945895,18787
2022,Mondeo,Automatic,57822,Hybrid,231,63.18983836759226,3.0011905745570973,18068
2014,Fiesta,Automatic,28753,Diesel,154,74.19159547416525,3.4278276073775125,45129
2008,Ka+,Automatic,13975,Hybrid,250,38.09313854361301,4.871948831295747,25108
2007,Focus,Semi-Auto,27098,Other,137,27.863632534039404,4.769569550947359,16412
2013,Ka+,Semi-Auto,21853,Petrol,443,64.31246665961004,2.5860979714495804,26645
2005,Focus,Semi-Auto,73583,Diesel,361,25.0465376209321,1.3586243141824303,14242
2015,Fiesta,Manual,56294,Electric,244,58.50807626002196,1.6956156004312821,15224
2010,Mondeo,Semi-Auto,49469,Petrol,183,85.80164241760497,0.9419272137665374,36073
2003,Fiesta,Manual,26630,Petrol,327,64.07288535641456,0.9038839768354383,43858
2010,Fiesta,Automatic,24560,Electric,84,67.44902299179054,4.086037103773248,8363
2018,Focus,Semi-Auto,21077,Hybrid,395,34.83378210724203,2.3630750173221555,21488
2003,Fiesta,Semi-Auto,53693,Diesel,198,99.11120900857017,3.5586124683610985,5409
2014,Mondeo,Semi-Auto,78049,Petrol,348,36.46917584013734,3.2093644578551195,44983
2018,Ka+,Semi-Auto,30421,Hybrid,365,42.1690640221252,4.50489194088307,35208
2005,Focus,Semi-Auto,31784,Electric,258,44.72611393525325,3.258826605664202,46109
2004,Focus,Automatic,3651,Hybrid,167,95.4952389612255,1.3515673159594703,15887
2017,Fiesta,Semi-Auto,48154,Petrol,57,64.96160938599924,4.505703507629988,28298
2005,Fiesta,Manual,53400,Diesel,250,15.444206397921256,3.863349504042249,10764
2003,Fiesta,Manual,25025,Diesel,411,44.07810716364119,2.160997731378685,14912
2005,Kuga,Semi-Auto,38447,Electric,415,23.202440343716297,3.9970486575685547,30466
2008,Mondeo,Manual,59847,Hybrid,419,22.478360726663233,2.5120247825808453,24490
2004,Fiesta,Semi-Auto,53622,Other,140,63.53109655084611,4.4302606183177575,30086
2017,Kuga,Automatic,32609,Diesel,320,41.68148645060678,2.931945760302636,25534
2001,Focus,Manual,39014,Other,255,58.6513401453357,3.383610518605088,47989
2018,Mondeo,Semi-Auto,7280,Hybrid,151,65.85926440857017,1.2022225124965016,20746
2001,Kuga,Manual,96133,Hybrid,133,53.903789742464845,4.317707151414425,48855
2014,Focus,Semi-Auto,73983,Other,183,29.385233643795647,2.9158433148638827,18108
2017,Ka+,Manual,70453,Electric,192,18.320100173627274,1.4668732074151105,45215
2007,Ka+,Automatic,25616,Other,291,37.03375068834206,1.104559117205905,39142
2021,Mondeo,Manual,77929,Petrol,383,58.46643080472327,2.3841541780097315,38965
2011,Kuga,Manual,59142,Other,10,35.14177673005756,4.864472726819253,40580
2014,Kuga,Manual,31567,Other,157,45.26003007178672,4.338190671567644,17093
2016,Focus,Manual,56111,Electric,319,91.51343504644844,3.4107816165200213,38014
2020,Ka+,Semi-Auto,61885,Petrol,465,12.37011937725589,2.8783924148598303,19065
2001,Ka+,Automatic,13248,Hybrid,304,17.445113547634467,4.843183907924526,42650
2017,Fiesta,Automatic,59661,Petrol,488,83.80560987829818,4.820267180651126,20570
2012,Kuga,Manual,16147,Other,210,26.749264911132496,3.0024056962165555,36369
2022,Mondeo,Manual,73123,Hybrid,59,84.89927978736797,1.5284078098673235,8525
2014,Ka+,Automatic,12940,Electric,116,66.23663861355178,3.086199249433909,28010
2022,Mondeo,Automatic,57137,Hybrid,175,19.847476248513388,2.4486039439197245,11266
2000,Mondeo,Automatic,91879,Electric,445,40.0853297798521,3.904883738692982,13007
2002,Fiesta,Automatic,89040,Other,138,96.54304420958368,2.5992295066545803,36079
2019,Ka+,Manual,3960,Petrol,147,25.896777357631066,0.9888340353721229,34035
2014,Mondeo,Automatic,61835,Petrol,229,47.209234758605334,4.238901769518163,28689
2018,Ka+,Manual,99039,Petrol,77,37.65786936186326,4.140172781534358,14682
2011,Fiesta,Manual,79211,Petrol,185,55.883360230618884,3.5160627225778236,17564
2020,Focus,Automatic,39439,Petrol,451,49.09496977774983,4.258656829967175,34939
2009,Focus,Semi-Auto,17805,Diesel,36,93.86731453749456,1.0718621370999855,49141
2014,Focus,Manual,23010,Other,3,84.35051169626185,4.000016691766686,32243
2000,Mondeo,Automatic,78224,Petrol,419,62.234082117326345,2.7649702204157496,25369
2012,Mondeo,Manual,15906,Petrol,455,40.04604787199472,1.455041514051518,37220
2022,Mondeo,Semi-Auto,53707,Electric,246,77.6016755362992,1.2877782274410459,20148
2009,Ka+,Automatic,66153,Other,330,63.0629619724499,3.725418705071293,17689
2018,Kuga,Manual,21995,Electric,84,24.62309909333367,3.5588109995369783,31647
2004,Ka+,Semi-Auto,87539,Petrol,348,38.08378554697343,1.2984874277328284,34127
2007,Focus,Semi-Auto,97955,Other,72,61.14909387271143,3.126889844003441,23431
2003,Kuga,Manual,96372,Other,8,72.99655560816748,4.711844476590756,41250
2016,Fiesta,Automatic,15176,Other,465,38.84538574699496,4.162778974156576,41163
2012,Kuga,Automatic,27535,Hybrid,465,91.92015800223037,4.847247544888072,15936
2005,Fiesta,Manual,40730,Diesel,380,46.73797906320914,4.183995551738324,43139
2020,Mondeo,Semi-Auto,85736,Diesel,197,23.425483307355904,3.5859188259171666,26960
2013,Focus,Semi-Auto,87582,Petrol,479,29.111165545710012,4.638218712451965,26122
2016,Mondeo,Semi-Auto,14366,Diesel,221,27.890984098794128,3.656706362098948,41357
2013,Ka+,Semi-Auto,41559,Other,443,31.04238695301638,2.9510164713583964,13929
2018,Mondeo,Manual,43839,Hybrid,208,44.53052688859477,1.277880690817688,13552
2019,Mondeo,Semi-Auto,26287,Diesel,441,51.84496949920076,2.6016240610657033,35785
2017,Kuga,Manual,20777,Diesel,372,58.80481920332894,1.6677963347338582,5819
2007,Fiesta,Automatic,17866,Hybrid,342,94.42238411379968,4.478030149602757,20214
2017,Focus,Automatic,47861,Electric,227,61.296358303914936,2.6559647183684865,39179
2014,Mondeo,Semi-Auto,25504,Petrol,50,26.1681703712376,2.8697242777870584,32700
2003,Mondeo,Semi-Auto,79878,Other,355,50.981982153203035,4.0314470113032685,17760
2010,Fiesta,Semi-Auto,8509,Hybrid,80,25.19280924372056,4.410028896054353,25644
2020,Ka+,Automatic,86585,Electric,117,91.99822379209449,2.490178408934988,18179
2010,Ka+,Manual,3979,Petrol,411,25.15385000691723,2.507235619921688,46929
2001,Kuga,Manual,59246,Electric,96,64.95008819762333,1.475874120934375,20879
2020,Fiesta,Manual,76800,Petrol,303,62.016679488011725,2.776322894255939,36132
2016,Mondeo,Semi-Auto,55306,Diesel,450,66.08351600937587,2.0090712214156703,21654
2010,Ka+,Manual,65503,Hybrid,11,15.275294455544731,1.5802915516943739,32321
2018,Ka+,Semi-Auto,14928,Petrol,82,36.039009614021204,2.9505471764435205,13607
2020,Focus,Automatic,1358,Hybrid,216,41.83038246635644,2.523885207370511,10928
2016,Focus,Manual,91776,Hybrid,24,93.0844928988341,3.752026286741057,11849
2002,Kuga,Semi-Auto,51909,Electric,128,64.77337329600874,3.5013703036853223,29981
2006,Ka+,Manual,43501,Other,109,82.70395250984889,2.07770997765955,20462
2009,Ka+,Automatic,63704,Electric,444,54.642131660812886,4.547506212083835,19815
2002,Fiesta,Manual,69505,Electric,200,45.75749759936832,3.3242085727875863,49754
2020,Focus,Manual,23254,Other,87,53.523918037759685,2.0384746092196844,6020
2012,Focus,Automatic,7182,Other,1,80.84474546296244,1.3051847953093312,28583
2009,Ka+,Semi-Auto,97640,Electric,251,18.190626640592072,4.070738416501464,27241
2021,Kuga,Semi-Auto,65827,Hybrid,349,95.83104141456118,2.7311038671378878,16142
2004,Ka+,Semi-Auto,68790,Diesel,47,64.32010852639851,4.70976552846682,36644
2004,Mondeo,Manual,53297,Other,102,26.760002568583523,4.963840790855404,26208
2009,Focus,Manual,29143,Diesel,230,13.938694063237312,3.9975835573361693,41881
2010,Focus,Semi-Auto,39834,Hybrid,236,21.52786905595285,1.025768216196912,8111
2012,Fiesta,Semi-Auto,50180,Other,498,19.63934281978233,3.9518983397712866,14360
2008,Kuga,Manual,51575,Petrol,434,46.23802070623086,3.8992099543394385,7106
2001,Fiesta,Semi-Auto,1647,Petrol,465,72.27915105764532,2.8425110802849365,42889
2005,Focus,Semi-Auto,6791,Electric,211,32.51642796481528,3.1720620376300213,7885
2007,Kuga,Manual,8339,Diesel,125,44.65443654381704,3.9802571304692433,20780
2000,Ka+,Automatic,31159,Petrol,217,60.77762741175336,2.023258836845494,33153
2001,Ka+,Manual,69380,Electric,126,83.21167061635013,2.443961539457213,36391
2003,Kuga,Semi-Auto,79206,Electric,453,64.69076865307892,4.857145755779851,30192
2018,Mondeo,Semi-Auto,9374,Electric,238,26.668748091844833,0.9426213664618767,45829
2018,Ka+,Automatic,92956,Hybrid,341,31.976510068007194,3.2661187236573785,24090
2020,Fiesta,Automatic,7262,Diesel,34,43.4268577720081,3.061790013253346,47782
2008,Ka+,Manual,29758,Other,481,53.83469823856987,4.807092522754196,40039
2018,Ka+,Automatic,32289,Electric,294,89.57853277158972,4.2599094330651806,31016
2007,Mondeo,Semi-Auto,56794,Other,242,32.19982723987394,3.6266866748861895,20303
2010,Ka+,Semi-Auto,14436,Petrol,383,93.49137466890915,2.833194491693374,9426
2018,Fiesta,Semi-Auto,3624,Hybrid,475,79.6112981249213,4.374529693322659,35548
2003,Fiesta,Semi-Auto,97454,Other,361,38.75619928396323,1.9360329417600908,45097
2012,Fiesta,Automatic,68652,Electric,485,97.01205684998783,3.931659740246991,39295
2019,Focus,Semi-Auto,94387,Hybrid,305,43.19070344908246,1.4722247495881375,12186
2013,Ka+,Semi-Auto,23496,Electric,388,71.14898612800314,4.786062707930634,24967
2022,Ka+,Semi-Auto,22712,Hybrid,211,94.2898389694434,3.45326462602451,29746
2000,Kuga,Manual,95082,Other,307,81.02920545208276,1.7000720406199161,46752
2010,Mondeo,Manual,29154,Other,289,89.7856097449754,3.5588274369866943,29645
2003,Focus,Semi-Auto,32434,Petrol,341,24.550230344742175,3.7254437570523784,29477
2006,Ka+,Automatic,70031,Diesel,132,67.91689851680155,2.9003181128402766,38570
2003,Fiesta,Automatic,8334,Electric,435,17.191693529259048,2.3866516477584154,10059
2006,Focus,Manual,22942,Electric,217,98.19585401521553,3.8128572961997094,48504
2019,Focus,Manual,41700,Petrol,381,72.84508303115518,1.596966422387782,22608
2002,Fiesta,Automatic,6117,Hybrid,243,19.380377471020118,2.3841106879960923,42354
2018,Kuga,Manual,43231,Hybrid,71,81.36998944555414,2.0891792381863232,11040
2018,Ka+,Manual,21608,Other,440,51.607707980295224,1.4778490213644442,18290
2006,Mondeo,Semi-Auto,65265,Other,126,17.156605990427416,3.6422207377514004,27393
2020,Kuga,Automatic,96819,Electric,292,82.39318242865546,3.6314805042997227,37355
2011,Mondeo,Semi-Auto,70036,Diesel,51,13.172918583915099,4.551519125707276,35123
2022,Mondeo,Manual,14364,Electric,223,81.57979868933629,2.4536502964120404,47606
2000,Ka+,Manual,47289,Hybrid,61,61.67989128938564,1.2550821506095062,6255
2004,Focus,Manual,8524,Diesel,189,10.243544452733191,2.504777061808319,46711
2013,Fiesta,Manual,38551,Diesel,367,50.08016805328876,2.7607257065527286,14780
2009,Mondeo,Automatic,77485,Petrol,194,64.9525456476668,1.4422670453679678,31330
2002,Kuga,Automatic,61905,Other,441,28.460829375746993,4.670782241522517,19820
2001,Ka+,Automatic,41358,Diesel,153,31.251153421574426,0.9744402890011234,11915
2012,Ka+,Automatic,76812,Electric,396,15.82512005527854,2.3605924190155965,25444
2015,Kuga,Semi-Auto,84332,Hybrid,244,70.27605502220567,2.3687865310466547,24775
2022,Mondeo,Semi-Auto,19171,Other,445,27.506280615345727,4.914988382705366,21570
2001,Mondeo,Semi-Auto,2009,Electric,377,87.49802904137681,1.8589935769418338,8519
2012,Mondeo,Manual,81075,Hybrid,381,78.26696760524963,3.28567731954688,19759
2005,Kuga,Automatic,8207,Electric,389,18.36646957462007,4.676237191437803,43277
2006,Mondeo,Automatic,38085,Electric,163,60.19053535965058,2.040787776794256,22839
2001,Kuga,Automatic,87763,Other,222,47.125812000264226,3.05844845542201,33310
2010,Ka+,Semi-Auto,5781,Hybrid,244,80.08531068049294,4.052304321607216,20979
2006,Kuga,Manual,92946,Electric,180,69.5971784604279,1.679902831759322,23993
2006,Fiesta,Manual,10089,Diesel,137,17.033922743616777,4.906441246489776,18897
2006,Focus,Manual,71380,Other,49,98.3490387549165,1.1852328369823575,19752
2006,Focus,Semi-Auto,18583,Petrol,499,33.12353471573156,2.9327357059257775,6014
2011,Fiesta,Automatic,62804,Diesel,465,33.000359812860765,3.43511751310894,10923
2018,Kuga,Semi-Auto,9618,Hybrid,184,37.431139671225246,1.7056683770550252,46724
2021,Focus,Automatic,4836,Diesel,157,97.84502253706775,3.556868244082438,35268
2018,Fiesta,Manual,61974,Electric,203,82.34035461963587,1.8271398852583498,8902
2018,Mondeo,Automatic,10191,Petrol,189,17.744639195648553,1.7179979397552192,5739
2019,Fiesta,Manual,90551,Other,418,47.61848418643471,2.7986210858927345,45530
2002,Focus,Manual,81493,Petrol,491,86.97570654428158,4.606383505313635,6452
2012,Kuga,Manual,86722,Diesel,248,41.430079157636534,4.29089421376346,20594
2009,Kuga,Automatic,35344,Petrol,378,36.22726219120654,2.8335950092879263,20795
2019,Kuga,Semi-Auto,95576,Hybrid,427,67.5460919717117,4.699816079055004,24000
2008,Focus,Manual,80696,Electric,289,43.090612705402876,2.7325642731383315,41316
2005,Mondeo,Automatic,29075,Electric,378,24.545617816624905,3.8292117295265,44176
2020,Kuga,Manual,44868,Hybrid,156,53.49438905002607,2.8940594955200036,26425
2021,Ka+,Automatic,62888,Electric,22,83.05264640183778,3.1317426337988485,45957
2011,Mondeo,Semi-Auto,23079,Other,89,86.00715818366197,4.268968710079861,7231
2001,Fiesta,Manual,51220,Electric,475,65.40891147747267,3.811132372125889,20934
2011,Ka+,Manual,85861,Electric,17,99.9208303541586,2.6119311926096636,34151
2015,Mondeo,Manual,32362,Diesel,255,98.62037447044061,4.254962223222399,47809
2012,Focus,Semi-Auto,78334,Petrol,33,31.482538793921915,3.99046286285329,48298
2015,Ka+,Automatic,24932,Electric,97,79.38288418881976,4.201119444720798,41649
2012,Mondeo,Manual,39808,Diesel,89,26.550588316192083,2.090964868510064,46664
2021,Mondeo,Manual,82836,Hybrid,468,47.02749119783757,4.122531920611905,19635
2018,Mondeo,Semi-Auto,25403,Other,379,10.8967167627081,2.6234549276515193,43024
2013,Mondeo,Automatic,33478,Hybrid,7,28.12940484224352,2.932956462445347,21952
2012,Kuga,Semi-Auto,39861,Other,192,30.12562913953096,2.119601061943214,45917
2009,Ka+,Semi-Auto,55663,Diesel,268,98.89865628030863,1.9640189323762645,7041
2021,Mondeo,Manual,97483,Hybrid,241,13.74807520318951,1.0781164489237813,39103
2006,Fiesta,Automatic,79133,Diesel,327,95.12665299704226,2.7556978966465002,35574
2004,Mondeo,Manual,34269,Other,428,85.43727320643647,1.1192577633425518,6117
2016,Kuga,Manual,28966,Electric,87,12.023143431994594,3.9362090814455097,11421
2008,Ka+,Semi-Auto,96645,Diesel,38,22.305939379558726,3.5373838093174363,48896
2005,Ka+,Semi-Auto,91836,Petrol,2,66.61272495760954,2.1321079178129474,36436
2015,Mondeo,Manual,70128,Electric,443,41.57186752081571,1.2041810629863772,20853
2005,Mondeo,Semi-Auto,79794,Electric,73,40.72236066031027,1.7874366427982964,23683
2005,Fiesta,Semi-Auto,18193,Petrol,414,72.68241232011152,1.0768146399266874,25683
2017,Ka+,Automatic,6026,Hybrid,190,99.52800187890705,4.611297763746,27561
2000,Ka+,Manual,51350,Petrol,306,39.94410108493861,2.5995383120749693,33717
2016,Ka+,Manual,12517,Electric,154,93.0739487327489,3.3462231561441094,11121
2016,Focus,Automatic,26288,Hybrid,12,75.55975544206771,2.2485798134269186,23483
2000,Ka+,Semi-Auto,80477,Hybrid,402,86.22903615281251,3.0520504290487773,31352
2010,Ka+,Automatic,2335,Other,487,55.795428696994215,3.1468311213250892,37472
2012,Fiesta,Automatic,17341,Petrol,241,57.99608997877234,3.8517108299410516,40143
2000,Fiesta,Automatic,40492,Electric,413,59.181837101472674,2.8893673176261774,49757
2007,Kuga,Semi-Auto,99607,Diesel,186,60.86252036881475,2.1158178855446397,29298
2022,Fiesta,Automatic,52719,Other,494,22.999699682237754,2.2425686228353356,43978
2019,Ka+,Manual,34016,Diesel,422,28.634086372674666,4.700567879305033,32818
2005,Ka+,Semi-Auto,70717,Hybrid,247,23.835220753481174,4.087156245887068,33709
2004,Ka+,Automatic,26686,Electric,326,27.187412185025607,2.2490934717141084,26363
2019,Fiesta,Automatic,98606,Electric,66,69.84707479949478,3.641730831806547,34425
2004,Mondeo,Automatic,66555,Petrol,124,28.5850121968609,4.054194184168394,41166
2005,Focus,Automatic,94867,Electric,305,89.05550600037888,1.6539465987086008,46876
2012,Kuga,Automatic,47406,Electric,461,20.752507518660313,3.7793743118176706,16313
2017,Mondeo,Automatic,4579,Petrol,248,98.98662010220441,3.2981867038186907,32349
2019,Focus,Manual,54605,Petrol,179,10.128894219654363,3.0645062514281953,13873
2012,Fiesta,Semi-Auto,51518,Electric,336,85.94870872144925,2.5936922206154804,22745
2006,Kuga,Manual,96403,Electric,287,10.179156307848588,4.969031884806828,42024
2007,Kuga,Automatic,70699,Other,136,80.69215497343201,4.200961074628627,25527
2020,Fiesta,Automatic,38789,Diesel,361,75.48893204756732,1.3256648923562746,21978
2016,Mondeo,Automatic,12157,Other,359,72.50867237951304,2.2562137104026925,7843
2000,Focus,Manual,26809,Other,159,41.57949903077376,3.082470888949065,15059
2015,Ka+,Automatic,70359,Hybrid,409,66.43791098296272,4.13149728752233,23133
2010,Ka+,Manual,3523,Electric,18,63.946492184832174,3.808330821038723,13520
2003,Focus,Semi-Auto,15593,Other,467,76.55838036068228,2.2564656332874162,9670
2003,Ka+,Manual,20105,Electric,348,73.90093334026056,4.518258417443378,8927
2016,Mondeo,Manual,14675,Other,321,32.3408717333003,3.114983090090979,41520
2016,Fiesta,Semi-Auto,88143,Hybrid,441,73.86313076058275,4.409021904210658,15971
2009,Ka+,Automatic,69345,Electric,346,38.1221362764897,4.547700026312003,32901
2020,Fiesta,Manual,49478,Diesel,115,44.695058504082624,3.457979544714553,9208
2020,Ka+,Semi-Auto,77214,Hybrid,414,35.89962742900821,1.4951089418094579,6355
2005,Ka+,Manual,27575,Petrol,405,76.52812377301588,3.39091074921463,33678
2016,Kuga,Manual,62180,Diesel,372,85.12049311891813,0.9736394712669372,20696
2017,Ka+,Semi-Auto,70939,Other,331,32.37848333578705,3.5070002663578763,35637
2021,Kuga,Manual,52629,Electric,291,56.267885914904674,1.7212227824265174,37711
2009,Focus,Semi-Auto,75984,Electric,482,73.50592121997074,4.42576733435842,20385
2012,Ka+,Manual,86341,Diesel,125,84.20817598241437,1.254221624618061,9598
2015,Ka+,Automatic,58476,Petrol,182,75.45303510731279,2.1003218681097797,20790
2006,Ka+,Semi-Auto,61088,Electric,320,18.926493825954623,0.9116510009069752,42445
2014,Kuga,Automatic,16792,Petrol,249,71.56802717877557,4.64406968080941,30791
2001,Ka+,Manual,88928,Petrol,63,91.48601138568662,4.470023971417494,18601
2004,Mondeo,Automatic,34258,Hybrid,216,49.77828305126138,1.8608315390529557,32521
2016,Focus,Semi-Auto,97660,Diesel,174,76.834696412045,1.3926780528902372,24505
2004,Fiesta,Manual,67320,Diesel,96,96.573280786242,3.090026369227972,13716
2007,Fiesta,Semi-Auto,34845,Diesel,168,72.45687680045651,3.041032993791655,11145
2014,Kuga,Manual,35773,Other,58,36.07540632244178,2.8068455433537216,26852
2007,Focus,Automatic,55676,Diesel,324,50.68673552599998,2.9824901471803122,12816
2022,Focus,Automatic,29653,Electric,413,52.18361208740897,3.3726638169677523,14008
2002,Fiesta,Semi-Auto,75680,Electric,51,86.41405053894502,4.794297383010095,48448
2022,Kuga,Semi-Auto,87424,Diesel,54,97.14441784308345,4.625433077409679,19505
2016,Mondeo,Manual,41747,Electric,56,63.38800172309165,3.781917756208462,32224
2015,Focus,Semi-Auto,65852,Hybrid,338,16.92300034945721,4.598288895163255,37320
2015,Fiesta,Semi-Auto,91861,Other,52,95.45952083784483,3.5623225993421794,48053
2018,Mondeo,Automatic,92151,Other,101,99.46203704008329,3.9164542189866753,21813
2011,Mondeo,Semi-Auto,20809,Petrol,487,45.60195129124701,3.4190680485520626,38319
2014,Mondeo,Semi-Auto,72960,Petrol,66,84.32610799486764,2.4366233270266338,18098
2007,Ka+,Manual,19792,Other,371,49.049074828786416,2.6630108711594107,27795
2002,Mondeo,Automatic,41539,Diesel,33,72.59164882832127,3.2373649525553834,36599
2022,Mondeo,Automatic,90405,Diesel,473,13.768468945399256,1.9028028173893676,32588
2017,Fiesta,Manual,11643,Hybrid,411,90.16184189311032,1.2157042043596917,12662
2003,Kuga,Automatic,26228,Other,365,14.031307948801798,3.755829925539217,7498
2007,Ka+,Manual,70746,Electric,470,29.806398766954086,2.9002911163583116,18369
2013,Fiesta,Manual,20756,Electric,298,61.0974531593473,1.8782598840248192,24146
2016,Fiesta,Semi-Auto,43826,Petrol,369,89.43806321316073,2.7012699750964715,17458
2005,Mondeo,Semi-Auto,61095,Other,6,34.52436452928889,1.032268559602974,35381
2004,Ka+,Manual,59332,Petrol,437,18.038834153725574,2.8520298919316835,32345
2021,Kuga,Semi-Auto,21853,Hybrid,93,82.86213343049123,3.505014785320743,17398
2013,Kuga,Semi-Auto,65983,Petrol,32,42.33678991355165,3.560885364835362,35156
2005,Fiesta,Automatic,82805,Hybrid,359,76.92508479048442,1.7651391868115403,9328
2019,Ka+,Automatic,16941,Other,407,27.314599351390918,2.417679261420161,45879
2011,Fiesta,Semi-Auto,8853,Hybrid,165,30.957744134422224,2.882699404387816,29967
2008,Fiesta,Manual,43984,Petrol,138,41.86593607736858,4.822234897978456,23251
2000,Kuga,Manual,57455,Other,393,80.61910717683628,2.420554364812815,35998
2017,Kuga,Semi-Auto,59665,Petrol,321,94.45207200979104,2.768262333343016,49260
2005,Fiesta,Semi-Auto,91734,Electric,320,80.84891105392049,4.984406113191095,37219
2004,Kuga,Manual,34168,Diesel,3,10.69894831676726,1.2688851191224169,36943
2001,Kuga,Automatic,22682,Hybrid,153,82.76111696602713,0.9139800346563122,29530
2005,Mondeo,Automatic,89871,Hybrid,189,67.27855731671633,1.7523397423798521,22215
2016,Mondeo,Manual,11275,Diesel,104,81.86825015556461,1.249953599812442,9689
2006,Focus,Semi-Auto,2898,Hybrid,204,61.508526072481324,4.558562947368253,17470
2008,Focus,Automatic,27229,Hybrid,195,12.578204542197142,2.9507415944902493,49116
2022,Fiesta,Manual,79337,Electric,226,82.28053822144159,4.155783379863619,37305
2019,Fiesta,Semi-Auto,64953,Other,219,16.872481728342503,4.655772809779817,17299
2004,Fiesta,Semi-Auto,64774,Hybrid,49,41.34248321196429,4.815956057389172,30724
2020,Fiesta,Automatic,57354,Electric,1,58.653384853667205,2.180708497391186,33082
2010,Kuga,Semi-Auto,79851,Hybrid,264,35.728739618216316,1.9071234251872808,10901
2010,Focus,Manual,82313,Other,102,78.37470717670755,3.3475261056189263,15352
2003,Fiesta,Manual,68755,Electric,97,97.67187922061366,3.188513719614768,15380
2022,Mondeo,Manual,61761,Hybrid,363,51.63212216049068,4.588221021985325,43475
2005,Kuga,Manual,18921,Electric,95,95.7487443567069,2.7210911298940976,27803
2009,Focus,Semi-Auto,83274,Diesel,157,92.53296357275075,4.964030180392128,22570
2008,Kuga,Manual,8608,Hybrid,48,83.64430530435772,3.9631365057454686,13978
2017,Ka+,Automatic,47897,Petrol,188,75.41690838399042,4.46362555357095,7662
2019,Fiesta,Semi-Auto,73807,Other,252,11.80238820411374,3.346911476166017,16196
2008,Mondeo,Semi-Auto,96016,Hybrid,365,91.14515567280007,3.9182466272222456,41383
2010,Focus,Semi-Auto,28730,Hybrid,205,61.53303796374462,4.467289199227436,6605
2001,Kuga,Manual,91665,Petrol,462,21.84097427649293,4.143676634223942,39099
2014,Focus,Semi-Auto,75038,Electric,156,72.22587363714308,3.141424254221827,8303
2005,Ka+,Manual,51863,Other,80,34.470050195905046,4.667408347477816,47224
2016,Mondeo,Manual,10820,Petrol,227,72.25674519436316,1.7376722362659343,42280
2003,Kuga,Semi-Auto,76647,Other,88,17.2385637104191,1.8899082768597262,38914
2007,Ka+,Semi-Auto,82857,Hybrid,301,97.7548277657821,3.535048175543523,44174
2001,Mondeo,Manual,77585,Other,390,15.987457772827508,4.449743726145796,11049
2008,Fiesta,Semi-Auto,22900,Electric,274,88.09401386357341,1.480273360448729,12680
2000,Focus,Semi-Auto,52407,Diesel,312,38.430314267398614,3.298291698955696,9227
2005,Ka+,Manual,71556,Other,161,36.37860574675277,4.424356726571467,11207
2015,Focus,Manual,47361,Diesel,8,45.54829613017484,2.742592008824414,18819
2006,Focus,Semi-Auto,92378,Electric,334,79.5303511529966,2.3071221524282146,18737
2015,Ka+,Manual,33821,Petrol,146,27.978591242707605,4.504220485496187,25661
2005,Ka+,Manual,28086,Other,489,50.23742485271916,4.730622857680226,41655
2009,Kuga,Automatic,11613,Other,187,53.99215132527961,3.564293614447173,30541
2017,Mondeo,Semi-Auto,98476,Other,39,91.67708873882148,4.517932594234382,24554
2016,Fiesta,Semi-Auto,52246,Other,152,59.93649163836447,2.229396373102376,30703
2016,Mondeo,Semi-Auto,4702,Diesel,396,67.47882227471365,3.2699094111888525,12819
2011,Fiesta,Semi-Auto,38717,Electric,9,90.46733813370976,3.9145474260719535,18042
2014,Fiesta,Semi-Auto,49813,Diesel,496,40.001882511603824,2.4828011886679264,25365
2005,Kuga,Manual,41412,Hybrid,353,16.502295272471954,2.995501915370045,37268
2022,Mondeo,Semi-Auto,77032,Hybrid,255,80.96603909903963,4.9992397766198895,21460
2019,Ka+,Semi-Auto,54682,Petrol,433,78.28618817073303,1.995085707466016,22425
2015,Focus,Automatic,75213,Petrol,353,39.18746154494485,1.7647965138098283,34115
2022,Kuga,Manual,85150,Other,50,95.31593080893457,1.6393366367364677,19761
2013,Kuga,Semi-Auto,53105,Hybrid,216,85.03171828102613,1.8632338566653353,23740
2011,Kuga,Semi-Auto,27401,Diesel,399,10.25262566811626,1.9780384287758417,8417
2011,Ka+,Semi-Auto,12508,Electric,238,19.51021240364977,2.6602628778258275,46195
2001,Focus,Semi-Auto,75408,Hybrid,167,51.808733571525345,4.003692627798528,6315
2007,Fiesta,Manual,7899,Hybrid,326,91.92665603843754,3.0991167023884487,21695
2016,Ka+,Automatic,93039,Diesel,317,25.86298080103562,4.3884842156140556,23402
2007,Mondeo,Automatic,1922,Hybrid,401,70.20566189311397,0.9145659674862332,30269
2015,Mondeo,Semi-Auto,37509,Diesel,392,88.12130181281626,4.754558350449309,23760
2022,Ka+,Automatic,27546,Diesel,111,93.68813316401514,1.599123846841683,35890
2000,Kuga,Automatic,92665,Diesel,449,69.0456875901115,2.534905922141199,17743
2004,Ka+,Automatic,99942,Diesel,135,41.755824128198014,4.330892653072377,26517
2018,Focus,Automatic,89330,Hybrid,276,42.74404725989554,3.5458664154678456,16802
2021,Fiesta,Automatic,8102,Hybrid,168,78.6023296644672,1.3785913385291455,24119
2002,Fiesta,Manual,54473,Electric,72,88.37535324589365,4.646497239317059,44283
2008,Fiesta,Manual,33705,Petrol,372,96.56824385822839,4.390001272419832,28225
2010,Fiesta,Manual,22267,Electric,128,78.33167624744988,2.6211001526093414,48422
2005,Kuga,Automatic,94405,Diesel,375,60.2914034023581,2.3985443992304307,33342
2006,Mondeo,Manual,87406,Other,41,92.17588518446848,3.9047486773389717,12795
2006,Mondeo,Automatic,73709,Electric,386,94.85092321201368,3.2267219348931553,44352
2004,Ka+,Automatic,86188,Other,32,52.08391212172535,0.9718892890213393,45595
2001,Fiesta,Manual,51626,Other,470,95.35433476357522,1.0630431475905209,33260
2021,Mondeo,Semi-Auto,66271,Hybrid,380,64.29154982895321,4.175847542709823,48923
2004,Focus,Automatic,78224,Diesel,10,46.81208992615015,2.5758677694710723,31484
2005,Ka+,Automatic,22319,Petrol,478,89.4542932959554,1.4376337993430186,36154
2005,Kuga,Manual,97168,Petrol,392,47.77174363132619,4.5613174225470425,14515
2006,Mondeo,Automatic,77568,Petrol,21,42.43172988936189,3.872398381624366,47092
2003,Fiesta,Automatic,88732,Petrol,119,83.68449215142417,2.432790246934359,18829
2017,Kuga,Automatic,4450,Petrol,57,97.756241634459,1.4527869896386607,27042
2015,Focus,Manual,24190,Other,45,69.66259040981097,1.1060652997202183,43159
2020,Focus,Semi-Auto,72209,Other,323,39.136977712249134,3.5254928644082915,37779
2018,Focus,Semi-Auto,22254,Other,197,85.20925128131891,3.4658897397321757,11327
2009,Kuga,Manual,64608,Diesel,283,92.25075483113096,3.9411610556961953,6660
2004,Mondeo,Automatic,26139,Electric,218,23.41574979706619,3.555928488480337,6230
2017,Mondeo,Semi-Auto,32743,Hybrid,396,37.84799405355284,2.743134321456405,36431
2002,Fiesta,Manual,17018,Other,320,65.53761892612715,1.3724411026677872,43294
2019,Kuga,Manual,96011,Diesel,3,39.93373808123872,2.421803096950157,30039
2003,Mondeo,Automatic,71744,Diesel,445,65.62565396494698,3.394723060778576,30524
2013,Ka+,Automatic,56776,Hybrid,427,84.44975174851494,3.0526705036560267,23383
2011,Fiesta,Manual,25570,Petrol,96,22.464628369126352,2.097767733500863,29683
2013,Mondeo,Manual,67404,Diesel,40,66.17698088430825,1.8666069722140706,14696
2004,Ka+,Manual,31162,Electric,20,69.70396017507167,2.149838819004635,26890
2017,Fiesta,Semi-Auto,87166,Electric,270,88.64211791150214,1.1687978153970886,41718
2006,Focus,Automatic,96135,Electric,24,74.16167417301737,3.714077845250029,10894
2015,Focus,Manual,17050,Diesel,323,81.0095368908141,2.3426943975438634,31990
2002,Ka+,Automatic,90874,Diesel,288,24.896799433347503,2.145478670045054,38522
2021,Focus,Semi-Auto,28132,Diesel,329,21.922040448249177,3.1013235123658607,49153
2020,Ka+,Manual,36918,Diesel,326,91.40557251374297,3.4303538297525007,19969
2010,Fiesta,Automatic,37359,Electric,67,24.895688922790384,0.9405277660865263,48614
2017,Mondeo,Semi-Auto,1523,Hybrid,314,43.33239120242971,3.7578957250878955,25097
2005,Fiesta,Manual,27303,Hybrid,412,81.11506447498904,3.749810071609527,27963
2020,Ka+,Automatic,55986,Diesel,3,15.439501212948795,2.7081055191566623,36176
2021,Kuga,Manual,22818,Electric,463,56.80214338601793,3.281160335993859,25699
2004,Kuga,Automatic,59537,Hybrid,224,59.13129406502913,2.9659269750523234,46024
2004,Ka+,Automatic,81854,Electric,422,10.366188449952563,0.960951561021842,21420
2015,Focus,Semi-Auto,74664,Diesel,108,45.38310826580455,1.375435556497977,32963
2002,Ka+,Semi-Auto,2058,Diesel,348,91.64526824023184,3.409392754521347,45234
2011,Mondeo,Semi-Auto,30098,Other,242,48.36193538687131,2.0518334674381196,16691
2002,Fiesta,Semi-Auto,25500,Diesel,197,92.21317525148633,0.991736760085312,38002
2001,Ka+,Semi-Auto,45102,Electric,1,38.41725736059007,4.546789656222639,21595
2014,Mondeo,Automatic,77931,Diesel,145,55.479933464374646,4.655465633891718,24234
2019,Kuga,Semi-Auto,98192,Petrol,190,85.87323079900072,3.2672117812297174,20173
2016,Ka+,Automatic,25443,Other,431,98.33052650183336,2.7936048015883723,23530
2011,Focus,Automatic,61364,Diesel,264,78.32722172644294,1.4759193931315648,37034
2001,Ka+,Manual,2703,Diesel,329,40.92803265852809,4.714789946159205,21608
2001,Kuga,Automatic,66749,Other,436,38.254026360839916,3.7404718765518172,42632
2013,Mondeo,Automatic,22273,Petrol,397,15.136659128325153,2.4507534711313954,10695
2006,Ka+,Semi-Auto,66280,Other,368,28.2629392606263,1.94832483091457,5869
2013,Ka+,Automatic,78931,Electric,41,78.37574890779284,2.437080039131907,29706
2006,Focus,Semi-Auto,45962,Electric,24,47.33503468574577,4.698165035107494,18893
2019,Ka+,Automatic,35173,Petrol,63,24.08864195144388,1.7877646600628476,40449
